Timestamp,Title,Journal,Publication Year,Authors,Field,Link
,Irrigation-expansion-induced impacts model-intercomparison project (IRRMIP),,2023,"Yao, Yi; Aas, Kjetil Schanke; Obando, Pedro Arboleda; Bentsen, Mats; Chen, Liang; Cook, Benjamin; Devaraju, Narayanappa; Ducharne, Agnès; Gosling, Simon; Hartley, Andrew;",,https://meetingorganizer.copernicus.org/EGU23/EGU23-14584.html
,Anthropogenic Fingerprint on Recent Changes in Typhoon Heavy Rainfall beyond Tipping-Point,,2023,"Kim, Hyungjun; Utsumi, Nobuyuki;",,https://meetingorganizer.copernicus.org/EGU23/EGU23-5392.html
,Anthropogenic Intensification of East Asia Summer Monsoon Frontal Precipitation System,,2023,"Moon, Suyeon; Utsumi, Nobuyuki; Jeong, Jee-Hoon; Yoon, Jin-Ho; Wang, S-Y Simon; Shiogama, Hideo; Kim, Hyungjun;",,https://meetingorganizer.copernicus.org/EGU23/EGU23-10686.html
,Multi-Task Learning for Simultaneous Retrievals of Passive Microwave Precipitation Estimates and Rain/No-Rain Classification,Geophysical Research Letters,2023,"Bannai, T., Xu, H., Utsumi, N., Koo, E., Lu, K., Kim, H.",5.576,https://www.scopus.com/inward/record.uri?eid=2-s2.0-85153358816&doi=10.1029%2f2022GL102283&partnerID=40&md5=cf7f481e0b8f1ef4534d27b19a7ff84c
,The timing of unprecedented hydrological drought under climate change,Nature Communications,2022,"Satoh, Y., Yoshimura, K., Pokhrel, Y., Kim, H., Shiogama, H., Yokohata, T., Hanasaki, N., Wada, Y., Burek, P., Byers, E., Schmied, H.M., Gerten, D., Ostberg, S., Gosling, S.N., Boulange, J.E.S., Oki, T.",17.694,https://www.scopus.com/inward/record.uri?eid=2-s2.0-85132971253&doi=10.1038%2fs41467-022-30729-2&partnerID=40&md5=b508959ceb2dd628932b69912d6988cf
,Observed influence of anthropogenic climate change on tropical cyclone heavy rainfall,Nature Climate Change,2022,"Utsumi, N., Kim, H.",28.862,https://www.scopus.com/inward/record.uri?eid=2-s2.0-85129037992&doi=10.1038%2fs41558-022-01344-2&partnerID=40&md5=46af24487bc5900f6fa1af04b0213519
,Emergent constraints on future precipitation changes,Nature,2022,"Shiogama, H., Watanabe, M., Kim, H., Hirota, N.",69.504,https://www.scopus.com/inward/record.uri?eid=2-s2.0-85125155291&doi=10.1038%2fs41586-021-04310-8&partnerID=40&md5=3e4193d863d96e22f1aeb00677405511
,Impacts of Anthropogenic Heat and Building Height on Urban Precipitation Over the Seoul Metropolitan area in Regional Climate Modeling,Journal of Geophysical Research: Atmospheres,2021,"Kim, G., Cha, D.-H., Song, C.-K., Kim, H.",5.217,https://www.scopus.com/inward/record.uri?eid=2-s2.0-85120813545&doi=10.1029%2f2021JD035348&partnerID=40&md5=26754acb633c8273b8b8ea734e4a5553
,GMD perspective: The quest to improve the evaluation of groundwater representation in continental-to global-scale models,Geoscientific Model Development,2021,"Gleeson, T., Wagener, T., Döll, P., Zipper, S.C., West, C., Wada, Y., Taylor, R., Scanlon, B., Rosolem, R., Rahman, S., Oshinlaja, N., Maxwell, R., Lo, M.-H., Kim, H., Hill, M., Hartmann, A., Fogg, G., Famiglietti, J.S., Ducharne, A., De Graaf, I., Cuthbert, M., Condon, L., Bresciani, E., Bierkens, M.F.P.",6.892,https://www.scopus.com/inward/record.uri?eid=2-s2.0-85121678371&doi=10.5194%2fgmd-14-7545-2021&partnerID=40&md5=fee5c72a437ee1dc9154cf7dde106517
,"Midlatitude mixed-phase stratocumulus clouds and their interactions with aerosols: how ice processes affect microphysical, dynamic, and thermodynamic development in those clouds and interactions?",Atmospheric Chemistry and Physics,2021,"Lee, S.S., Ha, K.-J., Manoj, M.G., Kamruzzaman, M., Kim, H., Utsumi, N., Zheng, Y., Kim, B.-G., Jung, C.H., Um, J., Guo, J., Choi, K.O., Kim, G.-U.",7.197,https://www.scopus.com/inward/record.uri?eid=2-s2.0-85119960203&doi=10.5194%2facp-21-16843-2021&partnerID=40&md5=58c38744116d027625cc53bebaf5c5fd
,Development of a coupled simulation framework representing the lake and river continuum of mass and energy (TCHOIR v1.0),Geoscientific Model Development,2021,"Tokuda, D., Kim, H., Yamazaki, D., Oki, T.",6.892,https://www.scopus.com/inward/record.uri?eid=2-s2.0-85115098156&doi=10.5194%2fgmd-14-5669-2021&partnerID=40&md5=df84a9d058b679c7bd5fa2e271300a72
,Recurrent pattern of extreme fire weather in California,Environmental Research Letters,2021,"Son, R., Wang, S.-Y.S., Kim, S.H., Kim, H., Jeong, J.-H., Yoon, J.-H.",6.947,https://www.scopus.com/inward/record.uri?eid=2-s2.0-85114794964&doi=10.1088%2f1748-9326%2fac1f44&partnerID=40&md5=57be33548799edfced0bdbb33ee1a6c8
,Empirical strategy for stretching probability distribution in neural-network-based regression,Neural Networks,2021,"Koo, E., Kim, H.",9.657,https://www.scopus.com/inward/record.uri?eid=2-s2.0-85102901808&doi=10.1016%2fj.neunet.2021.02.030&partnerID=40&md5=e183337938faaec51815f1ddbb0170c1
,Vapor Pressure Deficit and Sunlight Explain Seasonality of Leaf Phenology and Photosynthesis Across Amazonian Evergreen Broadleaved Forest,Global Biogeochemical Cycles,2021,"Chen, X., Ciais, P., Maignan, F., Zhang, Y., Bastos, A., Liu, L., Bacour, C., Fan, L., Gentine, P., Goll, D., Green, J., Kim, H., Li, L., Liu, Y., Peng, S., Tang, H., Viovy, N., Wigneron, J.-P., Wu, J., Yuan, W., Zhang, H.",6.5,https://www.scopus.com/inward/record.uri?eid=2-s2.0-85108621702&doi=10.1029%2f2020GB006893&partnerID=40&md5=a4f02ccf6ff3dd4df1ea4766ef5959a7
,Changes in fire weather climatology under 1.5 ◦C and 2.0 ◦C warming,Environmental Research Letters,2021,"Son, R., Kim, H., Wang, S.-Y., Jeong, J.-H., Woo, S.-H., Jeong, J.-Y., Lee, B.-D., Kim, S.H., LaPlante, M., Kwon, C.-G., Yoon, J.-H.",6.947,https://www.scopus.com/inward/record.uri?eid=2-s2.0-85102407848&doi=10.1088%2f1748-9326%2fabe675&partnerID=40&md5=3b266e9873523fe57cef0b1f65926a82
,Global terrestrial water storage and drought severity under climate change,Nature Climate Change,2021,"Pokhrel, Y., Felfelani, F., Satoh, Y., Boulange, J., Burek, P., Gädeke, A., Gerten, D., Gosling, S.N., Grillakis, M., Gudmundsson, L., Hanasaki, N., Kim, H., Koutroulis, A., Liu, J., Papadimitriou, L., Schewe, J., Müller Schmied, H., Stacke, T., Telteu, C.-E., Thiery, W., Veldkamp, T., Zhao, F., Wada, Y.",28.862,https://www.scopus.com/inward/record.uri?eid=2-s2.0-85100196380&doi=10.1038%2fs41558-020-00972-w&partnerID=40&md5=4af981631ed777cc45ccdd8902647198
,Scientific and human errors in a snow model intercomparison,Bulletin of the American Meteorological Society,2021,"Menard, C.B., Essery, R., Krinner, G., Arduini, G., Bartlett, P., Boone, A., Brutel-Vuilmet, C., Burke, E., Cuntz, M., Dai, Y., Decharme, B., Dutra, E., Fang, X., Fierz, C., Gusev, Y., Hagemann, S., Haverd, V., Kim, H., Lafaysse, M., Marke, T., Nasonova, O., Nitta, T., Niwano, M., Pomeroy, J., Schädler, G., Semenov, V.A., Smirnova, T., Strasser, U., Swenson, S., Turkov, D., Wever, N., Yuan, H.",9.116,https://www.scopus.com/inward/record.uri?eid=2-s2.0-85098224845&doi=10.1175%2fBAMS-D-19-0329.1&partnerID=40&md5=d063fc92951c4f90797f361eca4783a6
,Snow cover duration trends observed at sites and predicted by multiple models,Cryosphere,2020,"Essery, R., Kim, H., Wang, L., Bartlett, P., Boone, A., Brutel-Vuilmet, C., Burke, E., Cuntz, M., Decharme, B., Dutra, E., Fang, X., Gusev, Y., Hagemann, S., Haverd, V., Kontu, A., Krinner, G., Lafaysse, M., Lejeune, Y., Marke, T., Marks, D., Marty, C., Menard, C.B., Nasonova, O., Nitta, T., Pomeroy, J., Schädler, G., Semenov, V., Smirnova, T., Swenson, S., Turkov, D., Wever, N., Yuan, H.",5.805,https://www.scopus.com/inward/record.uri?eid=2-s2.0-85098206631&doi=10.5194%2ftc-14-4687-2020&partnerID=40&md5=6e431f48b18f6eec55ee727bc76071ac
,"Author Correction: Observed controls on resilience of groundwater to climate variability in sub-Saharan Africa (Nature, (2019), 572, 7768, (230-234), 10.1038/s41586-019-1441-7)",Nature,2020,"Cuthbert, M.O., Taylor, R.G., Favreau, G., Todd, M.C., Shamsudduha, M., Villholth, K.G., MacDonald, A.M., Scanlon, B.R., Kotchoni, D.O.V., Vouillamoz, J.-M., Lawson, F.M.A., Adjomayi, P.A., Kashaigili, J., Seddon, D., Sorensen, J.P.R., Ebrahim, G.Y., Owor, M., Nyenje, P.M., Nazoumou, Y., Goni, I., Ousmane, B.I., Sibanda, T., Ascott, M.J., Macdonald, D.M.J., Agyekum, W., Koussoubé, Y., Wanke, H., Kim, H., Wada, Y., Lo, M.-H., Oki, T., Kukuric, N.",69.504,https://www.scopus.com/inward/record.uri?eid=2-s2.0-85096979714&doi=10.1038%2fs41586-020-2985-2&partnerID=40&md5=7c4ba11300ccca3aaecc05bc931429c7
,Evaluation of precipitation vertical profiles estimated by GPM-Era satellite-based passive microwave retrievals,Journal of Hydrometeorology,2020,"Utsumi, N., Turk, F.J., Haddad, Z.S., Kirstetter, P.-E., Kim, H.",4.871,https://www.scopus.com/inward/record.uri?eid=2-s2.0-85099040987&doi=10.1175%2fJHM-D-20-0160.1&partnerID=40&md5=3733508e38784a5214358b09994ac559
,Abrupt shift to hotter and drier climate over inner East Asia beyond the tipping point,Science,2020,"Zhang, P., Jeong, J.-H., Yoon, J.-H., Kim, H., Simon Wang, S.-Y., Linderholm, H.W., Fang, K., Wu, X., Chen, D.",63.832,https://www.scopus.com/inward/record.uri?eid=2-s2.0-85096948694&doi=10.1126%2fscience.abb3368&partnerID=40&md5=34d2e5d1b3df4b9b936f93f16ed8a2e2
,Global aridity changes due to differences in surface energy and water balance between 1.5 C and 2 C warming,Environmental Research Letters,2020,"Takeshima, A., Kim, H., Shiogama, H., Lierhammer, L., Scinocca, J.F., Seland, O., Mitchell, D.",6.947,https://www.scopus.com/inward/record.uri?eid=2-s2.0-85092072141&doi=10.1088%2f1748-9326%2fab9db3&partnerID=40&md5=735cfb926838988be99a3da5fbd09484
,Intensification of the East Asian summer monsoon lifecycle based on observation and CMIP6,Environmental Research Letters,2020,"Park, J., Kim, H., Simon Wang, S.-Y., Jeong, J.-H., Lim, K.-S., Laplante, M., Yoon, J.-H.",6.947,https://www.scopus.com/inward/record.uri?eid=2-s2.0-85092061770&doi=10.1088%2f1748-9326%2fab9b3f&partnerID=40&md5=6033c648beaea16ec6d771f3d96c9daf
,Observed changes in dry-season water availability attributed to human-induced climate change,Nature Geoscience,2020,"Padrón, R.S., Gudmundsson, L., Decharme, B., Ducharne, A., Lawrence, D.M., Mao, J., Peano, D., Krinner, G., Kim, H., Seneviratne, S.I.",21.531,https://www.scopus.com/inward/record.uri?eid=2-s2.0-85087362907&doi=10.1038%2fs41561-020-0594-1&partnerID=40&md5=7b385f389830ddb953cde27d5714fb77
,The PROFOUND Database for evaluating vegetation models and simulating climate impacts on European forests,Earth System Science Data,2020,"Reyer, C.P.O., Silveyra Gonzalez, R., Dolos, K., Hartig, F., Hauf, Y., Noack, M., Lasch-Born, P., Rötzer, T., Pretzsch, H., Meesenburg, H., Fleck, S., Wagner, M., Bolte, A., Sanders, T.G.M., Kolari, P., Mäkelä, A., Vesala, T., Mammarella, I., Pumpanen, J., Collalti, A., Collalti, A., Trotta, C., Matteucci, G., D'Andrea, E., Foltýnová, L., Krejza, J., Ibrom, A., Pilegaard, K., Loustau, D., Bonnefond, J.-M., Berbigier, P., Picart, D., Lafont, S., Dietze, M., Cameron, D., Vieno, M., Tian, H., Palacios-Orueta, A., Cicuendez, V., Recuero, L., Wiese, K., Büchner, M., Lange, S., Volkholz, J., Kim, H., Horemans, J.A., Bohn, F., Steinkamp, J., Chikalanov, A., Weedon, G.P., Sheffield, J., Babst, F., Babst, F., Vega Del Valle, I., Suckow, F., Martel, S., Mahnken, M., Gutsch, M., Frieler, K.",11.815,https://www.scopus.com/inward/record.uri?eid=2-s2.0-85089753036&doi=10.5194%2fessd-12-1295-2020&partnerID=40&md5=122d80e48abd71ed42d53616380465b6
,Water Governance Contribution to Water and Sanitation Access Equality in Developing Countries,Water Resources Research,2020,"Bayu, T., Kim, H., Oki, T.",6.159,https://www.scopus.com/inward/record.uri?eid=2-s2.0-85083976406&doi=10.1029%2f2019WR025330&partnerID=40&md5=a6ecd22af55ebbd0b05dd46745348f8c
,Improvement of the Irrigation Scheme in the ORCHIDEE Land Surface Model and Impacts of Irrigation on Regional Water Budgets Over China,Journal of Advances in Modeling Earth Systems,2020,"Yin, Z., Wang, X.H., Ottlé, C., Zhou, F., Guimberteau, M., Polcher, J., Peng, S.S., Piao, S.L., Li, L., Bo, Y., Chen, X.L., Zhou, X.D., Kim, H., Ciais, P.",8.469,https://www.scopus.com/inward/record.uri?eid=2-s2.0-85083958020&doi=10.1029%2f2019MS001770&partnerID=40&md5=1cd989832d8da5973c5341ced858d0be
,Emergence of significant soil moisture depletion in the near future,Environmental Research Letters,2019,"Joo, J., Jeong, S., Zheng, C., Park, C.-E., Park, H., Kim, H.",6.947,https://www.scopus.com/inward/record.uri?eid=2-s2.0-85098599467&doi=10.1088%2f1748-9326%2fabc6d2&partnerID=40&md5=fbe7d0f5a50fd77dbd5c44c9715317b6
,Event-to-event intensification of the hydrologic cycle from 1.5 °C to a 2 °C warmer world,Scientific Reports,2019,"Madakumbura, G.D., Kim, H., Utsumi, N., Shiogama, H., Fischer, E.M., Seland, Ø., Scinocca, J.F., Mitchell, D.M., Hirabayashi, Y., Oki, T.",4.997,https://www.scopus.com/inward/record.uri?eid=2-s2.0-85062586291&doi=10.1038%2fs41598-019-39936-2&partnerID=40&md5=a984b991c36534d88651c201704b41ce
,State-of-the-art global models underestimate impacts from climate extremes,Nature Communications,2019,"Schewe, J., Gosling, S.N., Reyer, C., Zhao, F., Ciais, P., Elliott, J., Francois, L., Huber, V., Lotze, H.K., Seneviratne, S.I., van Vliet, M.T.H., Vautard, R., Wada, Y., Breuer, L., Büchner, M., Carozza, D.A., Chang, J., Coll, M., Deryng, D., de Wit, A., Eddy, T.D., Folberth, C., Frieler, K., Friend, A.D., Gerten, D., Gudmundsson, L., Hanasaki, N., Ito, A., Khabarov, N., Kim, H., Lawrence, P., Morfopoulos, C., Müller, C., Müller Schmied, H., Orth, R., Ostberg, S., Pokhrel, Y., Pugh, T.A.M., Sakurai, G., Satoh, Y., Schmid, E., Stacke, T., Steenbeek, J., Steinkamp, J., Tang, Q., Tian, H., Tittensor, D.P., Volkholz, J., Wang, X., Warszawski, L.",17.694,https://www.scopus.com/inward/record.uri?eid=2-s2.0-85062292878&doi=10.1038%2fs41467-019-08745-6&partnerID=40&md5=9f0e231df2684a6d649d2f144c110d8d
,Consecutive extreme flooding and heat wave in Japan: Are they becoming a norm?,Atmospheric Science Letters,2019,"Wang, S.S.Y., Kim, H., Coumou, D., Yoon, J.-H., Zhao, L., Gillies, R.R.",2.992,https://www.scopus.com/inward/record.uri?eid=2-s2.0-85070090794&doi=10.1002%2fasl.933&partnerID=40&md5=498ec3735894b80c2826cba3391a9fd0
,Observed controls on resilience of groundwater to climate variability in sub-Saharan Africa,Nature,2019,"Cuthbert, M.O., Taylor, R.G., Favreau, G., Todd, M.C., Shamsudduha, M., Villholth, K.G., MacDonald, A.M., Scanlon, B.R., Kotchoni, D.O.V., Vouillamoz, J.-M., Lawson, F.M.A., Adjomayi, P.A., Kashaigili, J., Seddon, D., Sorensen, J.P.R., Ebrahim, G.Y., Owor, M., Nyenje, P.M., Nazoumou, Y., Goni, I., Ousmane, B.I., Sibanda, T., Ascott, M.J., Macdonald, D.M.J., Agyekum, W., Koussoubé, Y., Wanke, H., Kim, H., Wada, Y., Lo, M.-H., Oki, T., Kukuric, N.",69.504,https://www.scopus.com/inward/record.uri?eid=2-s2.0-85070382340&doi=10.1038%2fs41586-019-1441-7&partnerID=40&md5=f7db3691fa5c21796915a197aa7c9ca4
,Meteorological and evaluation datasets for snow modelling at 10 reference sites: Description of in situ and bias-corrected reanalysis data,Earth System Science Data,2019,"Ménard, C.B., Essery, R., Barr, A., Bartlett, P., Derry, J., Dumont, M., Fierz, C., Kim, H., Kontu, A., Lejeune, Y., Marks, D., Niwano, M., Raleigh, M., Wang, L., Wever, N.",11.815,https://www.scopus.com/inward/record.uri?eid=2-s2.0-85067488547&doi=10.5194%2fessd-11-865-2019&partnerID=40&md5=bd9980baa8c2c313f8f59d285a5635d7
,Seasonal Flooding Causes Intensification of the River Breeze in the Central Amazon,Journal of Geophysical Research: Atmospheres,2019,"Santos, M.J., Medvigy, D., Silva Dias, M.A.F., Freitas, E.D., Kim, H.",5.217,https://www.scopus.com/inward/record.uri?eid=2-s2.0-85066916416&doi=10.1029%2f2018JD029439&partnerID=40&md5=b167fed0f4187e18a84eed192296888b
,Improving satellite-based subhourly surface rain estimates using vertical rain profile information,Journal of Hydrometeorology,2019,"Utsumi, N., Kim, H., Turk, F.J., Haddad, Z.S.",4.871,https://www.scopus.com/inward/record.uri?eid=2-s2.0-85066274762&doi=10.1175%2fJHM-D-18-0225.1&partnerID=40&md5=b9c2ac2791970a99ae8e5b2309766de3
,Evaluation of groundwater simulations in Benin from the ALMIP2 project,Journal of Hydrometeorology,2019,"Rashid, M., Chien, R.-Y., Ducharne, A., Kim, H., Yeh, P.J.-F., Peugeot, C., Boone, A., He, X., Séguis, L., Yabu, Y., Boukari, M., Lo, M.-H.",4.871,https://www.scopus.com/inward/record.uri?eid=2-s2.0-85063596209&doi=10.1175%2fJHM-D-18-0025.1&partnerID=40&md5=67864f20373cfabf91bfa3ee837b2259
,State of the climate in 2018,Bulletin of the American Meteorological Society,2019,"Ades, M., Adler, R., Aldeco, L.S., Alejandra, G., Alfaro, E.J., Aliaga-Nestares, V., Allan, R.P., Allan, R., Alves, L.M., Amador, J.A., Andersen, J.K., Anderson, J., Arndt, D.S., Arosio, C., Arrigo, K., Azorin-Molina, C., Bardin, M.Y., Barichivich, J., Barreira, S., Baxter, S., Beck, H.E., Becker, A., Bell, G.D., Bellouin, N., Belmont, M., Benedetti, A., Benedict, I., Bernhard, G.H., Berrisford, P., Berry, D.I., Bettio, L., Bhatt, U.S., Biskaborn, B.K., Bissolli, P., Bjella, K.L., Bjerke, J.K., Blake, E.S., Blenkinsop, S., Blunden, J., Bock, O., Bosilovich, M.G., Boucher, O., Box, J.E., Boyer, T., Braathen, G., Bringas, F.G., Bromwich, D.H., Brown, A., Brown, R., Brown, T.J., Buehler, S.A., Cáceres, L., Calderón, B., Camargo, S.J., Campbell, J.D., Campos Diaz, D.A., Cappelen, J., Carrea, L., Carrier, S.B., Carter, B.R., Castro, A.Y., Cetinic, I., Chambers, D.P., Chen, L., Cheng, L., Cheng, V.Y.S., Christiansen, H.H., Christy, J.R., Chung, E.-S., Claus, F., Clem, K.R., Coelho, C.A.S., Coldewey-Egbers, M., Colwell, S., Cooper, O.R., Cosca, C., Covey, C., Coy, L., Dávila, C.P., Davis, S.M., de Eyto, E., de Jeu, R.A.M., De Laat, J., Decharme, B., Degasperi, C.L., Degenstein, D., Demircan, M., Derksen, C., Dhurmea, K.R., Di Girolamo, L., Diamond, H.J., Diaz, E., Diniz, F.A., Dlugokencky, E.J., Dohan, K., Dokulil, M.T., Dolman, A.J., Domingues, C.M., Domingues, R., Donat, M.G., Dorigo, W.A., Drozdov, D.S., Druckenmiller, M.L., Dunn, R.J.H., Durre, I., Dutton, G.S., Elkharrim, M., Elkins, J.W., Epstein, H.E., Espinoza, J.C., Famiglietti, J.S., Farrell, S.L., Fausto, R.S., Feely, R.A., Feng, Z., Fenimore, C., Fettweis, X., Fioletov, V.E., Flemming, J., Fogt, R.L., Forbes, B.C., Foster, M.J., Francis, S.D., Franz, B.A., Frey, R.A., Frith, S.M., Froidevaux, L., Ganter, C., Garforth, J., Gerland, S., Gilson, J., Gleason, K., Gobron, N., Goetz, S., Goldenberg, S.B., Goni, G., Gray, A., Grooß, J.-U., Gruber, A., Gu, G., Guard, C.C.P., Gupta, S.K., Gutiérrez, D., Haas, C., Hagos, S., Hahn, S., Haimberger, L., Hall, B.D., Halpert, M.S., Hamlington, B.D., Hanna, E., Hanssen-Bauer, I., Harris, I., Hazeleger, W., He, Q., Heidinger, A.K., Heim, R.R., Hemming, D.L., Hendricks, S., Hernández, R., Hersbach, H.E., Hidalgo, H.G., Ho, S.-P.B., Holmes, R.M., Hu, C., Huang, B., Hubbard, K., Hubert, D., Hurst, D.F., Ialongo, I., Ijampy, J.A., Inness, A., Isaac, V., Isaksen, K., Ishii, M., Jeffries, M.O., Jevrejeva, S., Jia, G., Jiménez, C., Jin, X., John, V., Johnsen, B., Johnson, G.C., Johnson, K.S., Johnson, B., Jones, P.D., Jumaux, G., Kabidi, K., Kaiser, J.W., Karaköylü, E.M., Karlsen, S.-R., Karnauskas, M., Kato, S., Kazemi, A.F., Kelble, C., Keller, L.M., Kennedy, J., Kholodov, A.L., Khoshkam, M., Kidd, R., Killick, R., Kim, H., Kim, S.-J., King, A.D., King, B.A., Kipling, Z., Klotzbach, P.J., Knaff, J.A., Korhonen, J., Korshunova, N.N., Kramarova, N.A., Kratz, D.P., Kruger, A., Kruk, M.C., Krumpen, T., Labbé, L., Ladd, C., Lakatos, M., Lakkala, K., Lander, M.A., Landschützer, P., Landsea, C.W., Lareau, N.P., Lavado-Casimiro, W., Lazzara, M.A., Lee, T.C., Leuliette, E., L’heureux, M., Li, B., Li, T., Lieser, J.L., Lim, J.-Y., Lin, I.-I., Liu, H., Locarnini, R., Loeb, N.G., Long, C.S., López, L.A., Lorrey, A.M., Loyola, D., Lumpkin, R., Luo, J.-J., Luojus, K., Lyman, J.M., Malkova, G.V., Manney, G.L., Marchenko, S.S., Marengo, J.A., Marin, D., Marquardt Collow, A.B., Marra, J.J., Marszelewski, W., Martens, B., Martínez-Güingla, R., Massom, R.A., May, L., Mayer, M., Mazloff, M., McBride, C., McCabe, M., McClelland, J.W., McEvoy, D.J., McGree, S., McVicar, T.R., Mears, C.A., Meier, W., Meijers, A., Mekonnen, A., Mengistu Tsidu, G., Menzel, W.P., Merchant, C.J., Meredith, M.P., Merrifield, M.A., Miller, B., Miralles, D.G., Misevicius, N., Mitchum, G.T., Mochizuki, Y., Monselesan, D., Montzka, S.A., Mora, N., Morice, C., Mosquera-Vásquez, K., Mostafa, A.E., Mote, T., Mudryk, L., Mühle, J., Mullan, A.B., Müller, R., Myneni, R., Nash, E.R., Nauslar, N.J., Nerem, R.S., Newman, P.A., Nicolas, J.P., Nieto, J.J., Noetzli, J., Osborn, T.J., Osborne, E., Overland, J., Oyunjargal, L., Park, T., Pasch, R.J., Pascual Ramírez, R., Pastor Saavedra, M.A., Paterson, A.M., Pearce, P.R., Pelto, M.S., Perovich, D., Petropavlovskikh, I., Pezza, A.B., Phillips, C., Phillips, D., Phoenix, G., Pinty, B., Pitts, M., Po-Chedley, S., Polashenski, C., Preimesberger, W., Purkey, S.G., Quispe, N., Rajeevan, M., Rakotoarimalala, C.L., Ramos, A.M., Ramos, I., Randel, W., Raynolds, M.K., Reagan, J., Reid, P., Reimer, C., Rémy, S., Revadekar, J.V., Richardson, A.D., Richter-Menge, J., Ricker, R., Ripaldi, A., Robinson, D.A., Rodell, M., Rodriguez Camino, E., Romanovsky, V.E., Ronchail, J., Rosenlof, K.H., Rösner, B., Roth, C., Rozanov, A., Rusak, J.A., Rustemeier, E., Rutishäuser, T., Sallée, J.-B., Sánchez-Lugo, A., Santee, M.L., Sawaengphokhai, P., Sayouri, A., Scambos, T.A., Scanlon, T., Scardilli, A.S., Schenzinger, V., Schladow, S.G., Schmid, C., Schmid, M., Schoeneich, P., Schreck, C.J., Selkirk, H.B., Sensoy, S., Shi, L., Shiklomanov, A.I., Shiklomanov, N.I., Shimpo, A., Shuman, C.A., Siegel, D.A., Sima, F., Simmons, A.J., Smeets, C.J.P.P., Smith, A., Smith, S.L., Soden, B., Sofieva, V., Sparks, T.H., Spence, J., Spencer, R.G.M., Spillane, S., Srivastava, A.K., Stabeno, P.J., Stackhouse, P.W., Stammerjohn, S., Stanitski, D.M., Steinbrecht, W., Stella, J.L., Stengel, M., Stephenson, T.S., Strahan, S.E., Streeter, C., Streletskiy, D.A., Sun-Mack, S., Suslova, A., Sutton, A.J., Swart, S., Sweet, W., Takahashi, K.S., Tank, S.E., Taylor, M.A., Tedesco, M., Thackeray, S.J., Thompson, P.R., Timbal, B., Timmermans, M.-L., Tobin, S., Tømmervik, H., Tourpali, K., Trachte, K., Tretiakov, M., Trewin, B.C., Triñanes, J.A., Trotman, A.R., Tschudi, M., Tye, M.R., van As, D., van de Wal, R.S.W., van der A, R.J., van der Schalie, R., van der Schrier, G., van der Werf, G.R., van Heerwaarden, C., Van Meerbeeck, C.J., Verburg, P., Vieira, G., Vincent, L.A., Vömel, H., Vose, R.S., Walker, D.A., Walsh, J.E., Wang, B., Wang, H., Wang, L., Wang, M., Wang, M., Wang, R., Wang, S.-H., Wanninkhof, R., Watanabe, S., Weber, M., Webster, M., Weerts, A., Weller, R.A., Westberry, T.K., Weyhenmeyer, G.A., Widlansky, M.J., Wijffels, S.E., Wilber, A.C., Wild, J.D., Willett, K.M., Wong, T., Wood, E.F., Woolway, R.I., Xue, Y., Yin, X., Yu, L., Zambrano, E., Zeyaeyan, S., Zhang, H.-M., Zhang, P., Zhao, G., Zhao, L., Zhou, X., Zhu, Z., Ziemke, J.R., Ziese, M., Andersen, A., Griffin, J., Hammer, G., Love-Brotak, S.E., Misch, D.J., Riddle, D.B., Veasey, S.W.",9.116,https://www.scopus.com/inward/record.uri?eid=2-s2.0-85073052511&doi=10.1175%2f2019BAMSStateoftheClimate.1&partnerID=40&md5=bee594186745ad4d1e031bede909074d
,Development of a Global River Water Temperature Model Considering Fluvial Dynamics and Seasonal Freeze-Thaw Cycle,Water Resources Research,2019,"Tokuda, D., Kim, H., Yamazaki, D., Oki, T.",6.159,https://www.scopus.com/inward/record.uri?eid=2-s2.0-85061918940&doi=10.1029%2f2018WR023083&partnerID=40&md5=ce06dc2e67b979ba7ec0b5f360cc3128
,Sensitivity of Global Hydrological Simulations to Groundwater Capillary Flux Parameterizations,Water Resources Research,2019,"Koirala, S., Kim, H., Hirabayashi, Y., Kanae, S., Oki, T.",6.159,https://www.scopus.com/inward/record.uri?eid=2-s2.0-85060259479&doi=10.1029%2f2018WR023434&partnerID=40&md5=aa2b3e5a942a74c0fa5a9215f28b9608
,ESM-SnowMIP: Assessing snow models and quantifying snow-related climate feedbacks,Geoscientific Model Development,2018,"Krinner, G., Derksen, C., Essery, R., Flanner, M., Hagemann, S., Clark, M., Hall, A., Rott, H., Brutel-Vuilmet, C., Kim, H., Ménard, C.B., Mudryk, L., Thackeray, C., Wang, L., Arduini, G., Balsamo, G., Bartlett, P., Boike, J., Boone, A., Chéruy, F., Colin, J., Cuntz, M., Dai, Y., Decharme, B., Derry, J., Ducharne, A., Dutra, E., Fang, X., Fierz, C., Ghattas, J., Gusev, Y., Haverd, V., Kontu, A., Lafaysse, M., Law, R., Lawrence, D., Li, W., Marke, T., Marks, D., Ménégoz, M., Nasonova, O., Nitta, T., Niwano, M., Pomeroy, J., Raleigh, M.S., Schaedler, G., Semenov, V., Smirnova, T.G., Stacke, T., Strasser, U., Svenson, S., Turkov, D., Wang, T., Wever, N., Yuan, H., Zhou, W., Zhu, D.",6.892,https://www.scopus.com/inward/record.uri?eid=2-s2.0-85058438078&doi=10.5194%2fgmd-11-5027-2018&partnerID=40&md5=e4fa9f3be608649b7d7c94e527abe973
,Evaluation of ORCHIDEE-MICT-simulated soil moisture over China and impacts of different atmospheric forcing data,Hydrology and Earth System Sciences,2018,"Yin, Z., Ottlé, C., Ciais, P., Guimberteau, M., Wang, X., Zhu, D., Maignan, F., Peng, S., Piao, S., Polcher, J., Zhou, F., Kim, H.",6.617,https://www.scopus.com/inward/record.uri?eid=2-s2.0-85053217965&doi=10.5194%2fhess-22-5463-2018&partnerID=40&md5=5ec3c586395761323de5203398f783f8
,State of the climate in 2017,Bulletin of the American Meteorological Society,2018,"Abernethy, R., Ackerman, S.A., Adler, R., Albanil Encarnación, A., Aldeco, L.S., Alfaro, E.J., Aliaga-Nestares, V., Allan, R.P., Allan, R., Alves, L.M., Amador, J.A., Anderson, J., Andreassen, L.M., Argüez, A., Armitage, C., Arndt, D.S., Avalos, G., Azorin-Molina, C., Báez, J., Bardin, M.Yu., Barichivich, J., Baringer, M.O., Barreira, S., Baxter, S., Beck, H.E., Becker, A., Bedka, K.M., Behe, C., Bell, G.D., Bellouin, N., Belmont, M., Benedetti, A., Bernhard, G.H., Berrisford, P., Berry, D.I., Bhatt, U.S., Bissolli, P., Bjerke, J., Blake, E.S., Blenkinsop, S., Blunden, J., Bolmgren, K., Bosilovich, M.G., Boucher, O., Bouchon, M., Box, J.E., Boyer, T., Braathen, G.O., Bromwich, D.H., Brown, R., Buehler, S., Bulygina, O.N., Burgess, D., Calderón, B., Camargo, S.J., Campbell, E.C., Campbell, J.D., Cappelen, J., Carrea, L., Carter, B.R., Castro, A., Chambers, D.P., Cheng, L., Christiansen, H.H., Christy, J.R., Chung, E.-S., Clem, K.R., Coelho, C.A.S., Coldewey-Egbers, M., Colwell, S., Cooper, O.R., Copland, L., Costanza, C., Covey, C., Coy, L., Cronin, T., Crouch, J., Cruzado, L., Daniel, R., Davis, S.M., Davletshin, S.G., De Eyto, E., De Jeu, R.A.M., De La Cour, J.L., De Laat, J., De Gasperi, C.L., Degenstein, D., Deline, P., Demircan, M., Derksen, C., Dewitte, B., Dhurmea, R., Di Girolamo, L., Diamond, H.J., Dickerson, C., Dlugokencky, E.J., Dohan, K., Dokulil, M.T., Dolman, A.J., Domingues, C.M., Domingues, R., Donat, M.G., Dong, S., Dorigo, W.A., Drozdov, D.S., Dunn, R.J.H., Durre, I., Dutton, G.S., Eakin, C.M., El Kharrim, M., Elkins, J.W., Epstein, H.E., Espinoza, J.C., Famiglietti, J.S., Farmer, J., Farrell, S., Fauchald, P., Fausto, R.S., Feely, R.A., Feng, Z., Fenimore, C., Fettweis, X., Fioletov, V.E., Flemming, J., Fogt, R.L., Folland, C., Forbes, B.C., Foster, M.J., Francis, S.D., Franz, B.A., Frey, R.A., Frith, S.M., Froidevaux, L., Ganter, C., Geiger, E.F., Gerland, S., Gilson, J., Gobron, N., Goldenberg, S.B., Gomez, A.M., Goni, G., Grooß, J.U., Gruber, A., Guard, C.P., Gugliemin, M., Gupta, S.K., Gutiérrez, D., Haas, C., Hagos, S., Hahn, S., Haimberger, L., Hall, B.D., Halpert, M.S., Hamlington, B.D., Hanna, E., Hansen, K., Hanssen-Bauer, L., Harris, I., Hartfield, G., Heidinger, A.K., Heim, R.R., Helfrich, S., Hemming, D.L., Hendricks, S., Hernández, R., Hernández, S.M., Heron, S.F., Heuzé, C., Hidalgo, H.G., Ho, S.-P., Hobbs, W.R., Horstkotte, T., Huang, B., Hubert, D., Hueuzé, C., Hurst, D.F., Ialongo, I., Ibrahim, M.M., Ijampy, J.A., Inness, A., Isaac, V., Isaksen, K., Ishii, M., Jacobs, S.J., Jeffries, M.O., Jevrejeva, S., Jiménez, C., Jin, X., John, V., Johns, W.E., Johnsen, B., Johnson, B., Johnson, G.C., Johnson, K.S., Jones, P.D., Jumaux, G., Kabidi, K., Kaiser, J.W., Karaköylü, E.M., Kato, S., Kazemi, A., Keller, L.M., Kennedy, J., Kerr, K., Khan, M.S., Kholodov, A.L., Khoshkam, M., Killick, R., Kim, H., Kim, S.-J., Klotzbach, P.J., Knaff, J.A., Kohler, J., Korhonen, J., Korshunova, N.N., Kramarova, N., Kratz, D.P., Kruger, A., Kruk, M.C., Krumpen, T., Ladd, C., Lakatos, M., Lakkala, K., Lander, M.A., Landschützer, P., Landsea, C.W., Lankhorst, M., Lavado-Casimiro, W., Lazzara, M.A., Lee, S.-E., Lee, T.C., Leuliette, E., L'Heureux, M., Li, T., Lieser, J.L., Lin, I.-I., Mears, C.A., Liu, G., Li, B., Liu, H., Locarnini, R., Loeb, N.G., Long, C.S., López, L.A., Lorrey, A.M., Loyola, D., Lumpkin, R., Luo, J.-J., Luojus, K., Luthcke, S., Macias-Fauria, M., Malkova, G.V., Manney, G.L., Marcellin, V., Marchenko, S.S., Marengo, J.A., Marín, D., Marra, J.J., Marszelewski, W., Martens, B., Martin, A., Martínez, A.G., Martínez-Güingla, R., Martínez-Sánchez, O., Marsh, B.L., Lyman, J.M., Massom, R.A., May, L., Mayer, M., Mazloff, M., McBride, C., McCabe, M.F., McCarthy, M., Meier, W., Meijers, A.J.S., Mekonnen, A., Mengistu Tsidu, G., Menzel, W.P., Merchant, C.J., Meredith, M.P., Merrifield, M.A., Miller, B., Miralles, D.G., Mitchum, G.T., Mitro, S., Moat, B., Mochizuki, Y., Monselesan, D., Montzka, S.A., Mora, N., Morice, C., Mosquera-Vásquez, K., Mostafa, A.E., Mote, T., Mudryk, L., Mühle, J., Mullan, A.B., Müller, R., Myneni, R., Nash, E.R., Nerem, R.S., Newman, L., Newman, P.A., Nielsen-Gammon, J.W., Nieto, J.J., Noetzli, J., Noll, B.E., O'Neel, S., Osborn, T.J., Osborne, E., Overland, J., Oyunjargal, L., Park, T., Pasch, R.J., Pascual-Ramírez, R., Pastor Saavedra, M.A., Paterson, A.M., Paulik, C., Pearce, P.R., Peltier, A., Pelto, M.S., Peng, L., Perkins-Kirkpatrick, S.E., Perovich, D., Petropavlovskikh, I., Pezza, A.B., Phillips, C., Phillips, D., Phoenix, G., Pinty, B., Pinzon, J., Po-Chedley, S., Polashenski, C., Purkey, S.G., Quispe, N., Rajeevan, M., Rakotoarimalala, C., Rayner, D., Raynolds, M.K., Reagan, J., Reid, P., Reimer, C., Rémy, S., Revadekar, J.V., Richardson, A.D., Richter-Menge, J., Ricker, R., Rimmer, A., Robinson, D.A., Rodell, M., Rodriguez Camino, E., Romanovsky, V.E., Ronchail, J., Rosenlof, K.H., Rösner, B., Roth, C., Roth, D.M., Rusak, J.A., Rutishäuser, T., Sallée, J.-B., Sánchez-Lugo, A., Santee, M.L., Sasgen, L., Sawaengphokhai, P., Sayad, T.A., Sayouri, A., Scambos, T.A., Scanlon, T., Schenzinger, V., Schladow, S.G., Schmid, C., Schmid, M., Schreck, C.J., Selkirk, H.B., Send, U., Sensoy, S., Sharp, M., Shi, L., Shiklomanov, N.I., Shimaraeva, S.V., Siegel, D.A., Silow, E., Sima, F., Simmons, A.J., Skirving, W.J., Smeed, D.A., Smeets, C.J.P.P., Smith, A., Smith, S.L., Soden, B., Sofieva, V., Sparks, T.H., Spence, J.M., Spillane, S., Srivastava, A.K., Stackhouse, P.W., Stammerjohn, S., Stanitski, D.M., Steinbrecht, W., Stella, J.L., Stengel, M., Stephenson, K., Stephenson, T.S., Strahan, S., Streletskiy, D.A., Strong, A.E., Sun-Mack, S., Sutton, A.J., Swart, S., Sweet, W., Takahashi, K.S., Tamar, G., Taylor, M.A., Tedesco, M., Thackeray, S.J., Thoman, R.L., Thompson, P., Thomson, L., Thorsteinsson, T., Timbal, B., Timmermans, M.-L., TImofeyev, M.A., Tirak, K.V., Tobin, S., Togawa, H., Tømmervik, H., Tourpali, K., Trachte, K., Trewin, B.C., Triñanes, J.A., Trotman, A.R., Tschudi, M., Tucker, C.J., Tye, M.R., Van As, D., Van De Wal, R.S.W., Van Der Ronald, J.A., Van Der Schalie, R., Van Der Schrier, G., Van Der Werf, G.R., Van Meerbeeck, C.J., Velden, C.S., Velicogna, I., Verburg, P., Vickers, H., Vincent, L.A., Vömel, H., Vose, R.S., Wagner, W., Walker, D.A., Walsh, J., Wang, B., Wang, J., Wang, L., Wang, M., Wang, R., Wang, S.-H., Wanninkhof, R., Watanabe, S., Weber, M., Webster, M., Weller, R.A., Westberry, T.K., Weyhenmeyer, G.A., Whitewood, R., Widlansky, M.J., Wiese, D.N., Wijffels, S.E., Wilber, A.C., Wild, J.D., Willett, K.M., Willis, J.K., Wolken, G., Wong, T., Wood, E.F., Wood, K., Woolway, R.I., Wouters, B., Xue, Y., Yin, X., Yoon, H., York, A., Yu, L., Zambrano, E., Zhang, H.-M., Zhang, P., Zhao, G., Zhao, L., Zhu, Z., Ziel, R., Ziemke, J.R., Ziese, M.G., Griffin, J., Hammer, G., Love-Brotak, S.E., Misch, D.J., Riddle, D.B., Slagle, M., Sprain, M., Veasey, S.W., McVicar, T.R.",9.116,https://www.scopus.com/inward/record.uri?eid=2-s2.0-85053681754&partnerID=40&md5=774452a028c9691b374d18f3aa24b0b3
,Evapotranspiration simulations in ISIMIP2a-Evaluation of spatio-temporal characteristics with a comprehensive ensemble of independent datasets,Environmental Research Letters,2018,"Wartenburger, R., Seneviratne, S.I., Hirschi, M., Chang, J., Ciais, P., Deryng, D., Elliott, J., Folberth, C., Gosling, S.N., Gudmundsson, L., Henrot, A.-J., Hickler, T., Ito, A., Khabarov, N., Kim, H., Leng, G., Liu, J., Liu, X., Masaki, Y., Morfopoulos, C., Müller, C., Schmied, H.M., Nishina, K., Orth, R., Pokhrel, Y., Pugh, T.A.M., Satoh, Y., Schaphoff, S., Schmid, E., Sheffield, J., Stacke, T., Steinkamp, J., Tang, Q., Thiery, W., Wada, Y., Wang, X., Weedon, G.P., Yang, H., Zhou, T.",6.947,https://www.scopus.com/inward/record.uri?eid=2-s2.0-85056414729&doi=10.1088%2f1748-9326%2faac4bb&partnerID=40&md5=98ea1bea5feb017f9f261687e911fb7c
,Worldwide evaluation of mean and extreme runoff from six global-scale hydrological models that account for human impacts,Environmental Research Letters,2018,"Zaherpour, J., Gosling, S.N., Mount, N., Schmied, H.M., Veldkamp, T.I.E., Dankers, R., Eisner, S., Gerten, D., Gudmundsson, L., Haddeland, I., Hanasaki, N., Kim, H., Leng, G., Liu, J., Masaki, Y., Oki, T., Pokhrel, Y., Satoh, Y., Schewe, J., Wada, Y.",6.947,https://www.scopus.com/inward/record.uri?eid=2-s2.0-85049770640&doi=10.1088%2f1748-9326%2faac547&partnerID=40&md5=cf821e490e0905cb3a4d732a54a6f3f1
,Warm Season Satellite Precipitation Biases for Different Cloud Types over Western North Pacific,IEEE Geoscience and Remote Sensing Letters,2018,"Utsumi, N., Kim, H.",5.343,https://www.scopus.com/inward/record.uri?eid=2-s2.0-85045294744&doi=10.1109%2fLGRS.2018.2815590&partnerID=40&md5=b7dbb97bed8b429317fba30d910d3f37
,On the use of the GRACE normal equation of inter-satellite tracking data for estimation of soil moisture and groundwater in Australia,Hydrology and Earth System Sciences,2018,"Tangdamrongsub, N., Han, S.-C., Decker, M., Yeo, I.-Y., Kim, H.",6.617,https://www.scopus.com/inward/record.uri?eid=2-s2.0-85043766650&doi=10.5194%2fhess-22-1811-2018&partnerID=40&md5=bfb59ad3a10a5831d83f791142c2018a
,Biogeophysical Impacts of Land-Use Change on Climate Extremes in Low-Emission Scenarios: Results From HAPPI-Land,Earth's Future,2018,"Hirsch, A.L., Guillod, B.P., Seneviratne, S.I., Beyerle, U., Boysen, L.R., Brovkin, V., Davin, E.L., Doelman, J.C., Kim, H., Mitchell, D.M., Nitta, T., Shiogama, H., Sparrow, S., Stehfest, E., van Vuuren, D.P., Wilson, S.",8.852,https://www.scopus.com/inward/record.uri?eid=2-s2.0-85045531364&doi=10.1002%2f2017EF000744&partnerID=40&md5=96896e86751096495f384e5064c4da60
,"ORCHIDEE-MICT (v8.4.1), a land surface model for the high latitudes: model description and validation",Geoscientific Model Development,2018,"Guimberteau, M., Zhu, D., Maignan, F., Huang, Y., Yue, C., Dantec-N d lec, S., Ottl, C., Jornet-Puig, A., Bastos, A., Laurent, P., Goll, D., Bowring, S., Chang, J., Guenet, B., Tifafi, M., Peng, S., Krinner, G., Ducharne, A.S., Wang, F., Wang, T., Wang, X., Wang, Y., Yin, Z., Lauerwald, R., Joetzjer, E., Qiu, C., Kim, H., Ciais, P.",6.892,https://www.scopus.com/inward/record.uri?eid=2-s2.0-85043589440&doi=10.5194%2fgmd-11-121-2018&partnerID=40&md5=9004c7066a3d2276b57dcddfc6cc07d7
,Chronological development of terrestrial mean precipitation,Bulletin of the American Meteorological Society,2017,"Park, K.J., Yoshimura, K., Kim, H., Oki, T.",9.116,https://www.scopus.com/inward/record.uri?eid=2-s2.0-85036656468&doi=10.1175%2fBAMS-D-16-0005.1&partnerID=40&md5=bbb13f5c5a049aef34cf42ca7e2534af
,Impacts of spatial resolution and representation of flow connectivity on large-scale simulation of floods,Hydrology and Earth System Sciences,2017,"May Mateo, R.C., Yamazaki, D., Kim, H., Champathong, A., Vaze, J., Oki, T.",6.617,https://www.scopus.com/inward/record.uri?eid=2-s2.0-85029354100&doi=10.5194%2fhess-21-5143-2017&partnerID=40&md5=08968e477627ccf05c30e076882b2b86
,Evaluation of meris chlorophyll-a retrieval processors in a complex turbid lake kasumigaura over a 10-year mission,Remote Sensing,2017,"Salem, S.I., Strand, M.H., Higa, H., Kim, H., Kazuhiro, K., Oki, K., Oki, T.",5.349,https://www.scopus.com/inward/record.uri?eid=2-s2.0-85032859604&doi=10.3390%2frs9101022&partnerID=40&md5=b7a2144b50e95e727d94cc3821f07cb6
,Feasibility study of the reconstruction of historical weather with data assimilation,Monthly Weather Review,2017,"Kinya Toride, A., Neluwala, P., Kim, H., Yoshimura, K.",3.728,https://www.scopus.com/inward/record.uri?eid=2-s2.0-85028915483&doi=10.1175%2fMWR-D-16-0288.1&partnerID=40&md5=527b44d4131f6a7b9782e13cc8d13a9c
,State of the climate in 2016,Bulletin of the American Meteorological Society,2017,"Aaron-Morrison, A.P., Ackerman, S.A., Adams, N.G., Adler, R.F., Albanil, A., Alfaro, E.J., Allan, R., Alves, L.M., Amador, J.A., Andreassen, L.M., Arendt, A., Arévalo, J., Arndt, D.S., Arzhanova, N.M., Aschan, M.M., Azorin-Molina, C., Banzon, V., Bardin, M.U., Barichivich, J., Baringer, M.O., Barreira, S., Baxter, S., Bazo, J., Becker, A., Bedka, K.M., Behrenfeld, M.J., Bell, G.D., Belmont, M., Benedetti, A., Bernhard, G., Berrisford, P., Berry, D.I., Bettolli, M.L., Bhatt, U.S., Bidegain, M., Bill, B.D., Billheimer, S., Bissolli, P., Blake, E.S., Blunden, J., Bosilovich, M.G., Boucher, O., Boudet, D., Box, J.E., Boyer, T., Braathen, G.O., Bromwich, D.H., Brown, R., Bulygina, O.N., Burgess, D., Calderón, B., Camargo, S.J., Campbell, J.D., Cappelen, J., Carrasco, G., Carter, B.R., Chambers, D.P., Chandler, E., Christiansen, H.H., Christy, J.R., Chung, D., Chung, E.-S., Cinque, K., Clem, K.R., Coelho, C.A., Cogley, J.G., Coldewey-Egbers, M., Colwell, S., Cooper, O.R., Copland, L., Cosca, C.E., Cross, J.N., Crotwell, M.J., Crouch, J., Davis, S.M., De Eyto, E., De Jeu, R.A.M., De Laat, J., Degasperi, C.L., Degenstein, D., Demircan, M., Derksen, C., Destin, D., Di Girolamo, L., Di Giuseppe, F., Diamond, H.J., Dlugokencky, E.J., Dohan, K., Dokulil, M.T., Dolgov, A.V., Dolman, A.J., Domingues, C.M., Donat, M.G., Dong, S., Dorigo, W.A., Dortch, Q., Doucette, G., Drozdov, D.S., Ducklow, H., Dunn, R.J.H., Durán-Quesada, A.M., Dutton, G.S., Ebrahim, A., Elkharrim, M., Elkins, J.W., Espinoza, J.C., Etienne-Leblanc, S., Evans, T.E., Famiglietti, J.S., Farrell, S., Fateh, S., Fausto, R.S., Fedaeff, N., Feely, R.A., Feng, Z., Fenimore, C., Fettweis, X., Fioletov, V.E., Flemming, J., Fogarty, C.T., Fogt, R.L., Folland, C., Fonseca, C., Fossheim, M., Foster, M.J., Fountain, A., Francis, S.D., Franz, B.A., Frey, R.A., Frith, S.M., Froidevaux, L., Ganter, C., Garzoli, S., Gerland, S., Gobron, N., Goldenberg, S.B., Gomez, R.S., Goni, G., Goto, A., Grooß, J.-U., Gruber, A., Guard, C.C., Gugliemin, M., Gupta, S.K., Gutiérrez, J.M., Hagos, S., Hahn, S., Haimberger, L., Hakkarainen, J., Hall, B.D., Halpert, M.S., Hamlington, B.D., Hanna, E., Hansen, K., Hanssen-Bauer, I., Harris, I., Heidinger, A.K., Heikkilä, A., Heil, A., Heim, R.R., Hendricks, S., Hernández, M., Hidalgo, H.G., Hilburn, K., Ho, S.-P.B., Holmes, R.M., Hu, Z.-Z., Huang, B., Huelsing, H.K., Huffman, G.J., Hughes, C., Hurst, D.F., Ialongo, I., Ijampy, J.A., Ingvaldsen, R.B., Inness, A., Isaksen, K., Ishii, M., Jevrejeva, S., Jiménez, C., Jin, X., Johannesen, E., John, V., Johnsen, B., Johnson, B., Johnson, G.C., Jones, P.D., Joseph, A.C., Jumaux, G., Kabidi, K., Kaiser, J.W., Kato, S., Kazemi, A., Keller, L.M., Kendon, M., Kennedy, J., Kerr, K., Kholodov, A.L., Khoshkam, M., Killick, R., Kim, H., Kim, S.-J., Kimberlain, T.B., Klotzbach, P.J., Knaff, J.A., Kobayashi, S., Kohler, J., Korhonen, J., Korshunova, N.N., Kovacs, K.M., Kramarova, N., Kratz, D.P., Kruger, A., Kruk, M.C., Kudela, R., Kumar, A., Lakatos, M., Lakkala, K., Lander, M.A., Landsea, C.W., Lankhorst, M., Lantz, K., Lazzara, M.A., Lemons, P., Leuliette, E., L’Heureux, M., Lieser, J.L., Lin, I.-I., Liu, H., Liu, Y., Locarnini, R., Loeb, N.G., Lo Monaco, C., Long, C.S., López Álvarez, L.A., Lorrey, A.M., Loyola, D., Lumpkin, R., Luo, J.-J., Luojus, K., Lydersen, C., Lyman, J.M., Maberly, S.C., Maddux, B.C., Malheiros Ramos, A., Malkova, G.V., Manney, G., Marcellin, V., Marchenko, S.S., Marengo, J.A., Marra, J.J., Marszelewski, W., Martens, B., Martínez-Güingla, R., Massom, R.A., Mata, M.M., Mathis, J.T., May, L., Mayer, M., Mazloff, M., McBride, C., McCabe, M.F., McCarthy, M., McClelland, J.W., McGree, S., McVicar, T.R., Mears, C.A., Meier, W., Meinen, C.S., Mekonnen, A., Menéndez, M., Mengistu Tsidu, G., Menzel, W.P., Merchant, C.J., Meredith, M.P., Merrifield, M.A., Metzl, N., Minnis, P., Miralles, D.G., Mistelbauer, T., Mitchum, G.T., Monselesan, D., Monteiro, P., Montzka, S.A., Morice, C., Mote, T., Mudryk, L., Mühle, J., Mullan, A.B., Nash, E.R., Naveira-Garabato, A.C., Nerem, R.S., Newman, P.A., Nieto, J.J., Noetzli, J., O’Neel, S., Osborn, T.J., Overland, J., Oyunjargal, L., Parinussa, R.M., Park, E.-H., Parker, D., Parrington, M., Parsons, A.R., Pasch, R.J., Pascual-Ramírez, R., Paterson, A.M., Paulik, C., Pearce, P.R., Pelto, M.S., Peng, L., Perkins-Kirkpatrick, S.E., Perovich, D., Petropavlovskikh, I., Pezza, A.B., Phillips, D., Pinty, B., Pitts, M.C., Pons, M.R., Porter, A.O., Primicerio, R., Proshutinsky, A., Quegan, S., Quintana, J., Rahimzadeh, F., Rajeevan, M., Randriamarolaza, L., Razuvaev, V.N., Reagan, J., Reid, P., Reimer, C., Rémy, S., Renwick, J.A., Revadekar, J.V., Richter-Menge, J., Riffler, M., Rimmer, A., Rintoul, S., Robinson, D.A., Rodell, M., Rodríguez Solís, J.L., Romanovsky, V.E., Ronchail, J., Rosenlof, K.H., Roth, C., Rusak, J.A., Sabine, C.L., Sallée, J.-B., Sánchez-Lugo, A., Santee, M.L., Sawaengphokhai, P., Sayouri, A., Scambos, T.A., Schemm, J., Schladow, S.G., Schmid, C., Schmid, M., Schmidtko, S., Schreck, C.J., Selkirk, H.B., Send, U., Sensoy, S., Setzer, A., Sharp, M., Shaw, A., Shi, L., Shiklomanov, A.I., Shiklomanov, N.I., Siegel, D.A., Signorini, S.R., Sima, F., Simmons, A.J., Smeets, C.J.P.P., Smith, S.L., Spence, J.M., Srivastava, A.K., Stackhouse, P.W., Stammerjohn, S., Steinbrecht, W., Stella, J.L., Stengel, M., Stennett-Brown, R., Stephenson, T.S., Strahan, S., Streletskiy, D.A., Sun-Mack, S., Swart, S., Sweet, W., Talley, L.D., Tamar, G., Tank, S.E., Taylor, M.A., Tedesco, M., Teubner, K., Thoman, R.L., Thompson, P., Thomson, L., Timmermans, M.-L., Timofeev, M.A., Tirnanes, J.A., Tobin, S., Trachte, K., Trainer, V.L., Tretiakov, M., Trewin, B.C., Trotman, A.R., Tschudi, M., Van As, D., Van De Wal, R.S.W., van der A., R.J., Van Der Schalie, R., Van Der Schrier, G., Van Der Werf, G.R., Van Meerbeeck, C.J., Velicogna, I., Verburg, P., Vigneswaran, B., Vincent, L.A., Volkov, D., Vose, R.S., Wagner, W., Wåhlin, A., Wahr, J., Walsh, J., Wang, C., Wang, J., Wang, L., Wang, M., Wang, S.-H., Wanninkhof, R., Watanabe, S., Weber, M., Weller, R.A., Weyhenmeyer, G.A., Whitewood, R., Wijffels, S.E., Wilber, A.C., Wild, J.D., Willett, K.M., Williams, M.J.M., Willie, S., Wolken, G., Wong, T., Wood, E.F., Woolway, R.I., Wouters, B., Xue, Y., Yamada, R., Yim, S.-Y., Yin, X., Young, S.H., Yu, L., Zahid, H., Zambrano, E., Zhang, P., Zhao, G., Zhou, L., Ziemke, J.R., Love-Brotak, S.E., Gilbert, K., Maycock, T., Osborne, S., Sprain, M., Veasey, S.W., Ambrose, B.J., Griffin, J., Misch, D.J., Riddle, D.B., Young, T., Romanovsky, V.E.",9.116,https://www.scopus.com/inward/record.uri?eid=2-s2.0-85028835793&doi=10.1175%2f2017BAMSStateoftheClimate.1&partnerID=40&md5=1b5f43a86e3f86d1ecef1e5dd5d2127f
,Assessment of chlorophyll-a algorithms considering different trophic statuses and optimal bands,Sensors (Switzerland),2017,"Salem, S.I., Higa, H., Kim, H., Kobayashi, H., Oki, K., Oki, T.",3.5,https://www.scopus.com/inward/record.uri?eid=2-s2.0-85026778401&doi=10.3390%2fs17081746&partnerID=40&md5=c52c6faa965b370956a4c83a02b1b854
,Modeling Surface runoff and water fluxes over contrasted soils in the pastoral sahel: Evaluation of the ALMIP2 land surface models over the Gourma Region in Mali,Journal of Hydrometeorology,2017,"Grippa, M., Kergoat, L., Boone, A., Peugeot, C., Demarty, J., Cappelaere, B., Gal, L., Hiernaux, P., Mougin, E., Ducharne, A., Dutra, E., Anderson, M., Hain, C., Ait-Mesbah, S., Polcher, J., Balsamo, G., Boussetta, S., Pappenberger, F., Favot, F., Guichard, F., Kaptue, A., Roujean, J.-L., Chaffard, V., Cohard, J.M., Gascon, T., Galle, S., Hector, B., Lebel, T., Séguis, L., Velluet, C., Quantin, G., Vischel, T., Verseghy, D., Magand, C., Getirana, A., Pierre, C., Gusev, Y., Nasonova, O., Harris, P., He, X., Yorozu, K., Kotsuki, S., Tanaka, K., Kim, H., Oki, T., Kumar, S., Lo, M.-H., Mahanama, S., Maignan, F., Ottlé, C., Mamadou, O., Shmakin, A., Sokratov, V., Turkov, D.",4.871,https://www.scopus.com/inward/record.uri?eid=2-s2.0-85023192221&doi=10.1175%2fJHM-D-16-0170.1&partnerID=40&md5=89eb0a6cfd49fa1eaeb0dcdfab7ba783
,Streamflows over a West African basin from the ALMIP2 model ensemble,Journal of Hydrometeorology,2017,"Getirana, A., Boone, A., Peugeot, C., Ait-Mesbah, S., Polcher, J., Anderson, M., Balsamo, G., Boussetta, S., Dutra, E., Pappenberger, F., Hain, C., Boone, A., Favot, F., Guichard, F., Kaptue, A., Roujean, J.-L., Cappelaere, B., Demarty, J., Peugeot, C., Séguis, L., Velluet, C., Chaffard, V., Cohard, J.M., Gascon, T., Galle, S., Hector, B., Lebel, T., Pellarin, T., Richard, A., Quantin, G., Vischel, T., Chan, E., Verseghy, D., Ducharne, A., Magand, C., Getirana, A., Grippa, M., Hiernaux, P., Kergoat, L., Mougin, E., Pierre, C., Gusev, Y., Nasonova, O., Harris, P., He, X., Yorozu, K., Kotsuki, S., Tanaka, K., Kenkyusho, R., Kim, H., Oki, T., Kumar, S., Lo, M.-H., Mahanama, S., Maignan, F., Ottlé, C., Mamadou, O., Shmakin, A., Sokratov, V., Turkov, D.",4.871,https://www.scopus.com/inward/record.uri?eid=2-s2.0-85023170760&doi=10.1175%2fJHM-D-16-0233.1&partnerID=40&md5=f35053d0c4692930b2d2704856924db0
,Evapotranspiration seasonality across the Amazon Basin,Earth System Dynamics,2017,"Maeda, E.E., Ma, X., Wagner, F.H., Kim, H., Oki, T., Eamus, D., Huete, A.",5.458,https://www.scopus.com/inward/record.uri?eid=2-s2.0-85021628376&doi=10.5194%2fesd-8-439-2017&partnerID=40&md5=743b4a0ba53200a9ea67a5cceb05ec49
,The critical role of the routing scheme in simulating peak river discharge in global hydrological models,Environmental Research Letters,2017,"Zhao, F., Veldkamp, T.I.E., Frieler, K., Schewe, J., Ostberg, S., Willner, S., Schauberger, B., Gosling, S.N., Schmied, H.M., Portmann, F.T., Leng, G., Huang, M., Liu, X., Tang, Q., Hanasaki, N., Biemans, H., Gerten, D., Satoh, Y., Pokhrel, Y., Stacke, T., Ciais, P., Chang, J., Ducharne, A., Guimberteau, M., Wada, Y., Kim, H., Yamazaki, D.",6.947,https://www.scopus.com/inward/record.uri?eid=2-s2.0-85025628704&doi=10.1088%2f1748-9326%2faa7250&partnerID=40&md5=d1c7ad8a915e25760886dc3ab2886a23
,Water scarcity hotspots travel downstream due to human interventions in the 20th and 21st century,Nature Communications,2017,"Veldkamp, T.I.E., Wada, Y., Aerts, J.C.J.H., Döll, P., Gosling, S.N., Liu, J., Masaki, Y., Oki, T., Ostberg, S., Pokhrel, Y., Satoh, Y., Kim, H., Ward, P.J.",17.694,https://www.scopus.com/inward/record.uri?eid=2-s2.0-85020854895&doi=10.1038%2fncomms15697&partnerID=40&md5=2061a8b482dd24e0ff16d6ecd3159d39
,Multi-algorithm indices and look-up table for chlorophyll-a retrieval in highly turbid water bodies using multispectral data,Remote Sensing,2017,"Salem, S.I., Higa, H., Kim, H., Kazuhiro, K., Kobayashi, H., Oki, K., Oki, T.",5.349,https://www.scopus.com/inward/record.uri?eid=2-s2.0-85021164224&doi=10.3390%2frs9060556&partnerID=40&md5=918831278ad7ae0b4bdcd54c270115b3
,Relative contributions of weather systems to mean and extreme global precipitation,Journal of Geophysical Research,2017,"Utsumi, N., Kim, H., Kanae, S., Oki, T.",5.576,https://www.scopus.com/inward/record.uri?eid=2-s2.0-85010674297&doi=10.1002%2f2016JD025222&partnerID=40&md5=a27624c973b286e6894dc39965804cfa
,Impact of climate forcing uncertainty and human water use on global and continental water balance components,Proceedings of the International Association of Hydrological Sciences,2016,"Schmied, H.M., Adam, L., Eisner, S., Fink, G., Flörke, M., Kim, H., Oki, T., Portmann, F.T., Reinecke, R., Riedel, C., Song, Q., Zhang, J., Döll, P.",0.74,https://www.scopus.com/inward/record.uri?eid=2-s2.0-85036637415&doi=10.5194%2fpiahs-374-53-2016&partnerID=40&md5=8d4aaf69c68afcb4975060b4665cdeea
,Macroscale Hydrological Modeling and Global Water Balance,Terrestrial Water Cycle and Climate Change: Natural and Human-Induced Impacts,2016,"Oki, T., Kim, H.",,https://www.scopus.com/inward/record.uri?eid=2-s2.0-85019791437&doi=10.1002%2f9781118971772.ch1&partnerID=40&md5=c792e97a11e0c8c7c709b73b3e534bfe
,"LS3MIP (v1.0) contribution to CMIP6: The Land Surface, Snow and Soil moisture Model Intercomparison Project - Aims, setup and expected outcome",Geoscientific Model Development,2016,"Van Den Hurk, B., Kim, H., Krinner, G., Seneviratne, S.I., Derksen, C., Oki, T., Douville, H., Colin, J., Ducharne, A., Cheruy, F., Viovy, N., Puma, M.J., Wada, Y., Li, W., Jia, B., Alessandri, A., Lawrence, D.M., Weedon, G.P., Ellis, R., Hagemann, S., Mao, J., Flanner, M.G., Zampieri, M., Materia, S., Law, R.M., Sheffield, J.",6.892,https://www.scopus.com/inward/record.uri?eid=2-s2.0-84984832799&doi=10.5194%2fgmd-9-2809-2016&partnerID=40&md5=5ea2ae2cfa21cf32bc251aa50ad236e7
,State of the climate in 2015,Bulletin of the American Meteorological Society,2016,"Aaron-Morrison, A.P., Ackerman, S.A., Adams, N.G., Adler, R.F., Albanil, A., Alfaro, E.J., Allan, R., Alves, L.M., Amador, J.A., Andreassen, L.M., Arendt, A., Arévalo, J., Arndt, D.S., Arzhanova, N.M., Aschan, M.M., Azorin-Molina, C., Banzon, V., Bardin, M.U., Barichivich, J., Baringer, M.O., Barreira, S., Baxter, S., Bazo, J., Becker, A., Bedka, K.M., Behrenfeld, M.J., Bell, G.D., Belmont, M., Benedetti, A., Bernhard, G., Berrisford, P., Berry, D.I., Bettolli, M.L., Bhatt, U.S., Bidegain, M., Bill, B.D., Billheimer, S., Bissolli, P., Blake, E.S., Blunden, J., Bosilovich, M.G., Boucher, O., Boudet, D., Box, J.E., Boyer, T., Braathen, G.O., Bromwich, D.H., Brown, R., Bulygina, O.N., Burgess, D., Calderón, B., Camargo, S.J., Campbell, J.D., Cappelen, J., Carrasco, G., Carter, B.R., Chambers, D.P., Chandler, E., Christiansen, H.H., Christy, J.R., Chung, D., Chung, E.-S., Cinque, K., Clem, K.R., Coelho, C.A., Cogley, J.G., Coldewey-Egbers, M., Colwell, S., Cooper, O.R., Copland, L., Cosca, C.E., Cross, J.N., Crotwell, M.J., Crouch, J., Davis, S.M., De Eyto, E., De Jeu, R.A.M., De Laat, J., Degasperi, C.L., Degenstein, D., Demircan, M., Derksen, C., Destin, D., Di Girolamo, L., Di Giuseppe, F., Diamond, H.J., Dlugokencky, E.J., Dohan, K., Dokulil, M.T., Dolgov, A.V., Dolman, A.J., Domingues, C.M., Donat, M.G., Dong, S., Dorigo, W.A., Dortch, Q., Doucette, G., Drozdov, D.S., Ducklow, H., Dunn, R.J.H., Durán-Quesada, A.M., Dutton, G.S., Ebrahim, A., Elkharrim, M., Elkins, J.W., Espinoza, J.C., Etienne-Leblanc, S., Evans, T.E., Famiglietti, J.S., Farrell, S., Fateh, S., Fausto, R.S., Fedaeff, N., Feely, R.A., Feng, Z., Fenimore, C., Fettweis, X., Fioletov, V.E., Flemming, J., Fogarty, C.T., Fogt, R.L., Folland, C., Fonseca, C., Fossheim, M., Foster, M.J., Fountain, A., Francis, S.D., Franz, B.A., Frey, R.A., Frith, S.M., Froidevaux, L., Ganter, C., Garzoli, S., Gerland, S., Gobron, N., Goldenberg, S.B., Gomez, R.S., Goni, G., Goto, A., Grooß, J.-U., Gruber, A., Guard, C.C., Gugliemin, M., Gupta, S.K., Gutiérrez, J.M., Hagos, S., Hahn, S., Haimberger, L., Hakkarainen, J., Hall, B.D., Halpert, M.S., Hamlington, B.D., Hanna, E., Hansen, K., Hanssen-Bauer, I., Harris, I., Heidinger, A.K., Heikkilä, A., Heil, A., Heim, R.R., Hendricks, S., Hernández, M., Hidalgo, H.G., Hilburn, K., Ho, S.-P.B., Holmes, R.M., Hu, Z.-Z., Huang, B., Huelsing, H.K., Huffman, G.J., Hughes, C., Hurst, D.F., Ialongo, I., Ijampy, J.A., Ingvaldsen, R.B., Inness, A., Isaksen, K., Ishii, M., Jevrejeva, S., Jiménez, C., Jin, X., Johannesen, E., John, V., Johnsen, B., Johnson, B., Johnson, G.C., Jones, P.D., Joseph, A.C., Jumaux, G., Kabidi, K., Kaiser, J.W., Kato, S., Kazemi, A., Keller, L.M., Kendon, M., Kennedy, J., Kerr, K., Kholodov, A.L., Khoshkam, M., Killick, R., Kim, H., Kim, S.-J., Kimberlain, T.B., Klotzbach, P.J., Knaff, J.A., Kobayashi, S., Kohler, J., Korhonen, J., Korshunova, N.N., Kovacs, K.M., Kramarova, N., Kratz, D.P., Kruger, A., Kruk, M.C., Kudela, R., Kumar, A., Lakatos, M., Lakkala, K., Lander, M.A., Landsea, C.W., Lankhorst, M., Lantz, K., Lazzara, M.A., Lemons, P., Leuliette, E., L’Heureux, M., Lieser, J.L., Lin, I.-I., Liu, H., Liu, Y., Locarnini, R., Loeb, N.G., Lo Monaco, C., Long, C.S., López Álvarez, L.A., Lorrey, A.M., Loyola, D., Lumpkin, R., Luo, J.-J., Luojus, K., Lydersen, C., Lyman, J.M., Maberly, S.C., Maddux, B.C., Malheiros Ramos, A., Malkova, G.V., Manney, G., Marcellin, V., Marchenko, S.S., Marengo, J.A., Marra, J.J., Marszelewski, W., Martens, B., Martínez-Güingla, R., Massom, R.A., Mata, M.M., Mathis, J.T., May, L., Mayer, M., Mazloff, M., McBride, C., McCabe, M.F., McCarthy, M., McClelland, J.W., McGree, S., McVicar, T.R., Mears, C.A., Meier, W., Meinen, C.S., Mekonnen, A., Menéndez, M., Mengistu Tsidu, G., Menzel, W.P., Merchant, C.J., Meredith, M.P., Merrifield, M.A., Metzl, N., Minnis, P., Miralles, D.G., Mistelbauer, T., Mitchum, G.T., Monselesan, D., Monteiro, P., Montzka, S.A., Morice, C., Mote, T., Mudryk, L., Mühle, J., Mullan, A.B., Nash, E.R., Naveira-Garabato, A.C., Nerem, R.S., Newman, P.A., Nieto, J.J., Noetzli, J., O’Neel, S., Osborn, T.J., Overland, J., Oyunjargal, L., Parinussa, R.M., Park, E.-H., Parker, D., Parrington, M., Parsons, A.R., Pasch, R.J., Pascual-Ramírez, R., Paterson, A.M., Paulik, C., Pearce, P.R., Pelto, M.S., Peng, L., Perkins-Kirkpatrick, S.E., Perovich, D., Petropavlovskikh, I., Pezza, A.B., Phillips, D., Pinty, B., Pitts, M.C., Pons, M.R., Porter, A.O., Primicerio, R., Proshutinsky, A., Quegan, S., Quintana, J., Rahimzadeh, F., Rajeevan, M., Randriamarolaza, L., Razuvaev, V.N., Reagan, J., Reid, P., Reimer, C., Rémy, S., Renwick, J.A., Revadekar, J.V., Richter-Menge, J., Riffler, M., Rimmer, A., Rintoul, S., Robinson, D.A., Rodell, M., Rodríguez Solís, J.L., Romanovsky, V.E., Ronchail, J., Rosenlof, K.H., Roth, C., Rusak, J.A., Sabine, C.L., Sallée, J.-B., Sánchez-Lugo, A., Santee, M.L., Sawaengphokhai, P., Sayouri, A., Scambos, T.A., Schemm, J., Schladow, S.G., Schmid, C., Schmid, M., Schmidtko, S., Schreck, C.J., Selkirk, H.B., Send, U., Sensoy, S., Setzer, A., Sharp, M., Shaw, A., Shi, L., Shiklomanov, A.I., Shiklomanov, N.I., Siegel, D.A., Signorini, S.R., Sima, F., Simmons, A.J., Smeets, C.J.P.P., Smith, S.L., Spence, J.M., Srivastava, A.K., Stackhouse, P.W., Stammerjohn, S., Steinbrecht, W., Stella, J.L., Stengel, M., Stennett-Brown, R., Stephenson, T.S., Strahan, S., Streletskiy, D.A., Sun-Mack, S., Swart, S., Sweet, W., Talley, L.D., Tamar, G., Tank, S.E., Taylor, M.A., Tedesco, M., Teubner, K., Thoman, R.L., Thompson, P., Thomson, L., Timmermans, M.-L., Tirnanes, J.A., Tobin, S., Trachte, K., Trainer, V.L., Tretiakov, M., Trewin, B.C., Trotman, A.R., Tschudi, M., Van As, D., Van De Wal, R.S.W., van der A., R.J., Van Der Schalie, R., Van Der Schrier, G., Van Der Werf, G.R., Van Meerbeeck, C.J., Velicogna, I., Verburg, P., Vigneswaran, B., Vincent, L.A., Volkov, D., Vose, R.S., Wagner, W., Wåhlin, A., Wahr, J., Walsh, J., Wang, C., Wang, J., Wang, L., Wang, M., Wang, S.-H., Wanninkhof, R., Watanabe, S., Weber, M., Weller, R.A., Weyhenmeyer, G.A., Whitewood, R., Wijffels, S.E., Wilber, A.C., Wild, J.D., Willett, K.M., Williams, M.J.M., Willie, S., Wolken, G., Wong, T., Wood, E.F., Woolway, R.I., Wouters, B., Xue, Y., Yamada, R., Yim, S.-Y., Yin, X., Young, S.H., Yu, L., Zahid, H., Zambrano, E., Zhang, P., Zhao, G., Zhou, L., Ziemke, J.R., Love-Brotak, S.E., Gilbert, K., Maycock, T., Osborne, S., Sprain, M., Veasey, S.W., Ambrose, B.J., Griffin, J., Misch, D.J., Riddle, D.B., Young, T.",9.116,https://www.scopus.com/inward/record.uri?eid=2-s2.0-84986201515&doi=10.1175%2f2016BAMSStateoftheClimate.1&partnerID=40&md5=a8177319a39c61e4de4a1ab6d775c0a7
,Variations of global and continental water balance components as impacted by climate forcing uncertainty and human water use,Hydrology and Earth System Sciences,2016,"Muller Schmied, H., Adam, L., Eisner, S., Fink, G., Florke, M., Kim, H., Oki, T., Theodor Portmann, F., Reinecke, R., Riedel, C., Song, Q., Zhang, J., Doll, P.",6.617,https://www.scopus.com/inward/record.uri?eid=2-s2.0-84978865125&doi=10.5194%2fhess-20-2877-2016&partnerID=40&md5=576aad1427d5d7f0525e99312db5fb5a
,Recent progresses in incorporating human land–water management into global land surface models toward their integration into Earth system models,Wiley Interdisciplinary Reviews: Water,2016,"Pokhrel, Y.N., Hanasaki, N., Wada, Y., Kim, H.",7.428,https://www.scopus.com/inward/record.uri?eid=2-s2.0-85010783001&doi=10.1002%2fwat2.1150&partnerID=40&md5=de29db4b727f42415c838272a43993e5
,Variations of global and continental water balance components as impacted by climate forcing uncertainty and human water use,Hydrology and Earth System Sciences Discussions,2016,"Müller Schmied, H., Adam, L., Eisner, S., Fink, G., Flörke, M., Kim, H., Oki, T., Portmann, F.T., Reinecke, R., Riedel, C., Song, Q., Zhang, J., Döll, P.",6.617,https://www.scopus.com/inward/record.uri?eid=2-s2.0-85042815206&doi=10.5194%2fhess-2015-527&partnerID=40&md5=b3b4192f958d516290052a27ab90acfc
,Which weather systems are projected to cause future changes in mean and extreme precipitation in CMIP5 simulations?,Journal of Geophysical Research,2016,"Utsumi, N., Kim, H., Kanae, S., Oki, T.",5.576,https://www.scopus.com/inward/record.uri?eid=2-s2.0-84988893696&doi=10.1002%2f2016JD024939&partnerID=40&md5=4a7b7d58e091f326e9b377d3f137800e
,Development of a web application for examining climate data of global lake basins: CGLB,Hydrological Research Letters,2015,"Nakaegawa, T., Horiuchi, S., Kim, H.",0.29,https://www.scopus.com/inward/record.uri?eid=2-s2.0-85042573599&doi=10.3178%2fhrl.9.125&partnerID=40&md5=482faf7366e079d401b93e7029acef5f
,Disruption of hydroecological equilibrium in southwest Amazon mediated by drought,Geophysical Research Letters,2015,"Maeda, E.E., Kim, H., Aragão, L.E.O.C., Famiglietti, J.S., Oki, T.",5.576,https://www.scopus.com/inward/record.uri?eid=2-s2.0-84945435283&doi=10.1002%2f2015GL065252&partnerID=40&md5=c77b4fcda542779cbfe7ad47d248591c
,State of the climate in 2014,Bulletin of the American Meteorological Society,2015,"Aaron-Morrison, A.P., Ackerman, S.A., Adams, N.G., Adler, R.F., Albanil, A., Alfaro, E.J., Allan, R., Alves, L.M., Amador, J.A., Andreassen, L.M., Arendt, A., Arévalo, J., Arndt, D.S., Arzhanova, N.M., Aschan, M.M., Azorin-Molina, C., Banzon, V., Bardin, M.U., Barichivich, J., Baringer, M.O., Barreira, S., Baxter, S., Bazo, J., Becker, A., Bedka, K.M., Behrenfeld, M.J., Bell, G.D., Belmont, M., Benedetti, A., Bernhard, G., Berrisford, P., Berry, D.I., Bettolli, M.L., Bhatt, U.S., Bidegain, M., Bill, B.D., Billheimer, S., Bissolli, P., Blake, E.S., Blunden, J., Bosilovich, M.G., Boucher, O., Boudet, D., Box, J.E., Boyer, T., Braathen, G.O., Bromwich, D.H., Brown, R., Bulygina, O.N., Burgess, D., Calderón, B., Camargo, S.J., Campbell, J.D., Cappelen, J., Carrasco, G., Carter, B.R., Chambers, D.P., Chandler, E., Christiansen, H.H., Christy, J.R., Chung, D., Chung, E.-S., Cinque, K., Clem, K.R., Coelho, C.A., Cogley, J.G., Coldewey-Egbers, M., Colwell, S., Cooper, O.R., Copland, L., Cosca, C.E., Cross, J.N., Crotwell, M.J., Crouch, J., Davis, S.M., De Eyto, E., De Jeu, R.A.M., De Laat, J., Degasperi, C.L., Degenstein, D., Demircan, M., Derksen, C., Destin, D., Di Girolamo, L., Di Giuseppe, F., Diamond, H.J., Dlugokencky, E.J., Dohan, K., Dokulil, M.T., Dolgov, A.V., Dolman, A.J., Domingues, C.M., Donat, M.G., Dong, S., Dorigo, W.A., Dortch, Q., Doucette, G., Drozdov, D.S., Ducklow, H., Dunn, R.J.H., Durán-Quesada, A.M., Dutton, G.S., Ebrahim, A., Elkharrim, M., Elkins, J.W., Espinoza, J.C., Etienne-Leblanc, S., Evans, T.E., Famiglietti, J.S., Farrell, S., Fateh, S., Fausto, R.S., Fedaeff, N., Feely, R.A., Feng, Z., Fenimore, C., Fettweis, X., Fioletov, V.E., Flemming, J., Fogarty, C.T., Fogt, R.L., Folland, C., Fonseca, C., Fossheim, M., Foster, M.J., Fountain, A., Francis, S.D., Franz, B.A., Frey, R.A., Frith, S.M., Froidevaux, L., Ganter, C., Garzoli, S., Gerland, S., Gobron, N., Goldenberg, S.B., Gomez, R.S., Goni, G., Goto, A., Grooß, J.-U., Gruber, A., Guard, C.C., Gugliemin, M., Gupta, S.K., Gutiérrez, J.M., Hagos, S., Hahn, S., Haimberger, L., Hakkarainen, J., Hall, B.D., Halpert, M.S., Hamlington, B.D., Hanna, E., Hansen, K., Hanssen-Bauer, I., Harris, I., Heidinger, A.K., Heikkilä, A., Heil, A., Heim, R.R., Hendricks, S., Hernández, M., Hidalgo, H.G., Hilburn, K., Ho, S.-P.B., Holmes, R.M., Hu, Z.-Z., Huang, B., Huelsing, H.K., Huffman, G.J., Hughes, C., Hurst, D.F., Ialongo, I., Ijampy, J.A., Ingvaldsen, R.B., Inness, A., Isaksen, K., Ishii, M., Jevrejeva, S., Jiménez, C., Jin, X., Johannesen, E., John, V., Johnsen, B., Johnson, B., Johnson, G.C., Jones, P.D., Joseph, A.C., Jumaux, G., Kabidi, K., Kaiser, J.W., Kato, S., Kazemi, A., Keller, L.M., Kendon, M., Kennedy, J., Kerr, K., Kholodov, A.L., Khoshkam, M., Killick, R., Kim, H., Kim, S.-J., Kimberlain, T.B., Klotzbach, P.J., Knaff, J.A., Kobayashi, S., Kohler, J., Korhonen, J., Korshunova, N.N., Kovacs, K.M., Kramarova, N., Kratz, D.P., Kruger, A., Kruk, M.C., Kudela, R., Kumar, A., Lakatos, M., Lakkala, K., Lander, M.A., Landsea, C.W., Lankhorst, M., Lantz, K., Lazzara, M.A., Lemons, P., Leuliette, E., L’Heureux, M., Lieser, J.L., Lin, I.-I., Liu, H., Liu, Y., Locarnini, R., Loeb, N.G., Lo Monaco, C., Long, C.S., López Álvarez, L.A., Lorrey, A.M., Loyola, D., Lumpkin, R., Luo, J.-J., Luojus, K., Lydersen, C., Lyman, J.M., Maberly, S.C., Maddux, B.C., Malheiros Ramos, A., Malkova, G.V., Manney, G., Marcellin, V., Marchenko, S.S., Marengo, J.A., Marra, J.J., Marszelewski, W., Martens, B., Martínez-Güingla, R., Massom, R.A., Mata, M.M., Mathis, J.T., May, L., Mayer, M., Mazloff, M., McBride, C., McCabe, M.F., McCarthy, M., McClelland, J.W., McGree, S., McVicar, T.R., Mears, C.A., Meier, W., Meinen, C.S., Mekonnen, A., Menéndez, M., Mengistu Tsidu, G., Menzel, W.P., Merchant, C.J., Meredith, M.P., Merrifield, M.A., Metzl, N., Minnis, P., Miralles, D.G., Mistelbauer, T., Mitchum, G.T., Monselesan, D., Monteiro, P., Montzka, S.A., Morice, C., Mote, T., Mudryk, L., Mühle, J., Mullan, A.B., Nash, E.R., Naveira-Garabato, A.C., Nerem, R.S., Newman, P.A., Nieto, J.J., Noetzli, J., O’Neel, S., Osborn, T.J., Overland, J., Oyunjargal, L., Parinussa, R.M., Park, E.-H., Parker, D., Parrington, M., Parsons, A.R., Pasch, R.J., Pascual-Ramírez, R., Paterson, A.M., Paulik, C., Pearce, P.R., Pelto, M.S., Peng, L., Perkins-Kirkpatrick, S.E., Perovich, D., Petropavlovskikh, I., Pezza, A.B., Phillips, D., Pinty, B., Pitts, M.C., Pons, M.R., Porter, A.O., Primicerio, R., Proshutinsky, A., Quegan, S., Quintana, J., Rahimzadeh, F., Rajeevan, M., Randriamarolaza, L., Razuvaev, V.N., Reagan, J., Reid, P., Reimer, C., Rémy, S., Renwick, J.A., Revadekar, J.V., Richter-Menge, J., Riffler, M., Rimmer, A., Rintoul, S., Robinson, D.A., Rodell, M., Rodríguez Solís, J.L., Romanovsky, V.E., Ronchail, J., Rosenlof, K.H., Roth, C., Rusak, J.A., Sabine, C.L., Sallée, J.-B., Sánchez-Lugo, A., Santee, M.L., Sawaengphokhai, P., Sayouri, A., Scambos, T.A., Schemm, J., Schladow, S.G., Schmid, C., Schmid, M., Schmidtko, S., Schreck, C.J., Selkirk, H.B., Send, U., Sensoy, S., Setzer, A., Sharp, M., Shaw, A., Shi, L., Shiklomanov, A.I., Shiklomanov, N.I., Siegel, D.A., Signorini, S.R., Sima, F., Simmons, A.J., Smeets, C.J.P.P., Smith, S.L., Spence, J.M., Srivastava, A.K., Stackhouse, P.W., Stammerjohn, S., Steinbrecht, W., Stella, J.L., Stengel, M., Stennett-Brown, R., Stephenson, T.S., Strahan, S., Streletskiy, D.A., Sun-Mack, S., Swart, S., Sweet, W., Talley, L.D., Tamar, G., Tank, S.E., Taylor, M.A., Tedesco, M., Teubner, K., Thoman, R.L., Thompson, P., Thomson, L., Timmermans, M.-L., Tirnanes, J.A., Tobin, S., Trachte, K., Trainer, V.L., Tretiakov, M., Trewin, B.C., Trotman, A.R., Tschudi, M., Van As, D., Van De Wal, R.S.W., van der A., R.J., Van Der Schalie, R., Van Der Schrier, G., Van Der Werf, G.R., Van Meerbeeck, C.J., Velicogna, I., Verburg, P., Vigneswaran, B., Vincent, L.A., Volkov, D., Vose, R.S., Wagner, W., Wåhlin, A., Wahr, J., Walsh, J., Wang, C., Wang, J., Wang, L., Wang, M., Wang, S.-H., Wanninkhof, R., Watanabe, S., Weber, M., Weller, R.A., Weyhenmeyer, G.A., Whitewood, R., Wijffels, S.E., Wilber, A.C., Wild, J.D., Willett, K.M., Williams, M.J.M., Willie, S., Wolken, G., Wong, T., Wood, E.F., Woolway, R.I., Wouters, B., Xue, Y., Yamada, R., Yim, S.-Y., Yin, X., Young, S.H., Yu, L., Zahid, H., Zambrano, E., Zhang, P., Zhao, G., Zhou, L., Ziemke, J.R., Love-Brotak, S.E., Gilbert, K., Maycock, T., Osborne, S., Sprain, M., Veasey, S.W., Ambrose, B.J., Griffin, J., Misch, D.J., Riddle, D.B., Young, T., Romanovsky, V.E.",9.116,https://www.scopus.com/inward/record.uri?eid=2-s2.0-84939813863&doi=10.1175%2f2015bamsstateoftheclimate.1&partnerID=40&md5=5ac96cf955febbb09481f2b082b9f7e5
,The diurnal cycle of precipitation in regional spectral model simulations over West Africa: Sensitivities to resolution and cumulus schemes,Weather and Forecasting,2015,"He, X., Kim, H., Kirstetter, P.-E., Yoshimura, K., Chang, E.-C., Ferguson, C.R., Erlingis, J.M., Hong, Y., Oki, T.",3.374,https://www.scopus.com/inward/record.uri?eid=2-s2.0-84980417207&doi=10.1175%2fWAF-D-14-00013.1&partnerID=40&md5=99770aeada81c96ff024b13e6d5f8c49
,Climatological characteristics of fronts in the western North Pacific based on surface weather charts,Journal of Geophysical Research,2014,"Utsumi, N., Kim, H., Seto, S., Kanae, S., Oki, T.",5.576,https://www.scopus.com/inward/record.uri?eid=2-s2.0-84906708996&doi=10.1002%2f2014JD021734&partnerID=40&md5=88bf8a35240630a2f230e830e779e101
,"Hydrological droughts in the 21st century, hotspots and uncertainties from a global multimodel ensemble experiment",Proceedings of the National Academy of Sciences of the United States of America,2014,"Prudhomme, C., Giuntoli, I., Robinson, E.L., Clark, D.B., Arnell, N.W., Dankers, R., Fekete, B.M., Franssen, W., Gerten, D., Gosling, S.N., Hagemann, S., Hannah, D.M., Kim, H., Masaki, Y., Satoh, Y., Stacke, T., Wada, Y., Wisser, D.",12.779,https://www.scopus.com/inward/record.uri?eid=2-s2.0-84895812661&doi=10.1073%2fpnas.1222473110&partnerID=40&md5=c0ef9a5e6e96e63ddd09ae3562853e82
,Multisectoral climate impact hotspots in a warming world,Proceedings of the National Academy of Sciences of the United States of America,2014,"Piontek, F., Müller, C., Pugh, T.A.M., Clark, D.B., Deryng, D., Elliott, J., De Jesus Colón González, F., Flörke, M., Folberth, C., Franssen, W., Frieler, K., Friend, A.D., Gosling, S.N., Hemming, D., Khabarov, N., Kim, H., Lomas, M.R., Masaki, Y., Mengel, M., Morse, A., Neumann, K., Nishina, K., Ostberg, S., Pavlick, R., Ruane, A.C., Schewe, J., Schmid, E., Stacke, T., Tang, Q., Tessler, Z.D., Tompkins, A.M., Warszawski, L., Wisser, D., Schellnhuber, H.J.",12.779,https://www.scopus.com/inward/record.uri?eid=2-s2.0-84895808871&doi=10.1073%2fpnas.1222471110&partnerID=40&md5=467a3ede5c8bebbb6e257a87ad9eef17
,Multimodel assessment of water scarcity under climate change,Proceedings of the National Academy of Sciences of the United States of America,2014,"Schewe, J., Heinke, J., Gerten, D., Haddeland, I., Arnell, N.W., Clark, D.B., Dankers, R., Eisner, S., Fekete, B.M., Colón-González, F.J., Gosling, S.N., Kim, H., Liu, X., Masaki, Y., Portmann, F.T., Satoh, Y., Stacke, T., Tang, Q., Wada, Y., Wisser, D., Albrecht, T., Frieler, K., Piontek, F., Warszawski, L., Kabat, P.",12.779,https://www.scopus.com/inward/record.uri?eid=2-s2.0-84895803592&doi=10.1073%2fpnas.1222460110&partnerID=40&md5=b4b517218d01111e715d7517b8ab90f7
,First look at changes in flood hazard in the Inter-Sectoral Impact Model Intercomparison Project ensemble,Proceedings of the National Academy of Sciences of the United States of America,2014,"Dankers, R., Arnell, N.W., Clark, D.B., Falloon, P.D., Fekete, B.M., Gosling, S.N., Heinke, J., Kim, H., Masaki, Y., Satoh, Y., Stacke, T., Wada, Y., Wisser, D.",12.779,https://www.scopus.com/inward/record.uri?eid=2-s2.0-84895794618&doi=10.1073%2fpnas.1302078110&partnerID=40&md5=a679e0b72b2f7112ad5828bf0cda8d5b
,State of the climate in 2013,Bulletin of the American Meteorological Society,2014,"Blunden, J., Arndt, D.S., Willett, K.M., Dolman, A.J., Hurst, D.F., Rennie, J., Thorne, P.W., Donat, M.G., Dunn, R.J.H., Long, C.S., Christy, J.R., Noetzli, J., Christiansen, H.H., Gugliemin, M., Romanovsky, V.E., Shiklomanov, N.I., Smith, S.L., Zhao, L., Robinson, D.A., Pelto, M.S., Mears, C.A., Ho, S.-O.B., Peng, L., Wang, J., Vose, R.S., Hilburn, K., Yin, X., Kruk, M.C., Becker, A., Foster, M.J., Ackerman, S.A., Heidinger, A.K., Maddux, B.C., Stengel, M., Kim, H., Oki, T., Rodell, M., Chambers, D.P., Famiglietti, J.S., Dorigo, W.A., Chung, D., Parinussa, R.M., Reimer, C., Hahn, S., Liu, Y.Y., Wagner, W.W., de Jeu, R.A.M., Paulik, C., Wang, G., Allan, R., Folland, C.K., Tobin, I., Berrisford, P., Vautard, R., McVicar, T.R., Kratz, D.P., Stackhouse, P.W., Wong, T., Sawaengphokhai, P., Wilber, A.C., Gupta, S.K., Loeb, N.G., Lantz, K.O., Dlugokencky, E.J., Hall, B.D., Montzka, S.A., Dutton, G.S., Mühle, J., Elkins, J.W., Benedetti, A., Jones, L.T., Kaiser, J.W., Morcrette, J.-J., Rémy, S., Weber, M., Steinbrecht, W., van der A., R.J., Coldewey-Egbers, M., Fioletov, V.E., Frith, S.M., Loyola, D., Wild, J.D., Davis, S.M., Rosenlof, K.H., Cooper, O.R., Ziemke, J., Flemming, J., Inness, A., Quegan, S., Ciais, P., Santoro, M., Pinty, B., Gobron, N., van der Werf, G.R., Newlin, M.L., Gregg, M.C., Xue, Y., Hu, Z.-Z., Kumar, A., Banzon, V., Smith, T.M., Rayner, N.A., Johnson, G.C., Lyman, J.M., Willis, J.K., Boyer, T., Antonov, J., Good, S.A., Domingues, C.M., Bindoff, N., Yu, L., Jin, X., Lagerloef, G.S.E., Kao, H.-Y., Reagan, J., Schmid, C., Locarnini, R., Lumpkin, R., Goni, G., Dohan, K., Baringer, M.O., McCarthy, G., Lankhorst, M., Smeed, D.A., Send, U., Rayner, D., Johns, W.E., Meinen, C.S., Cunningham, S.A., Kanzow, T.O., Frajka-Williams, E., Marotzke, J., Garzoli, S., Dong, S., Volkov, D., Hobbs, W.R., Merrifield, M.A., Thompson, P., Leuliette, E., Nerem, R.S., Hamlington, B., Mitchum, G.T., McInnes, K., Marra, J.J., Menéndez, M., Sweet, W., Feely, R.A., Wanninkhof, R., Sabine, C.L., Mathis, J.T., Takahashi, T., Khatiwala, S., Franz, B.A., Behrenfeld, M.J., Siegel, D.A., Werdell, P.J., Diamond, H.J., Bell, G.D., L’Heureux, M., Halpert, M.S., Baxter, S., Gottschalck, J., Landsea, C.W., Goldenberg, S.B., Pasch, R.J., Blake, E.S., Schemm, J., Kimberlain, T.B., Schreck, C.J., Evans, T.E., Camargo, S.J., Gleason, K.L., Trewin, B.C., Lorrey, A.M., Fauchereau, N.C., Chappell, P.R., Ready, S., Goni, G.J., Knaff, J.A., Lin, I.-I., Wang, B., Mullan, A.B., Pezza, A.B., Coelho, C.A.S., Wang, C., Fogarty, C.T., Klotzbach, P., Luo, J.-J., Lander, M.A., Guard, C.P.C., Jeffries, M.O., Richter-Menge, J., Overland, J., Key, J., Hanna, E., Hanssen-Bauer, I., Kim, B.-M., Kim, S.-J., Walsh, J., Wang, M., Bhatt, U.S., Liu, Y., Stone, R., Cox, C., Walden, V., Francis, J., Vavrus, S., Tang, Q., Bernhard, G., Manney, G., Grooß, J.-U., Müller, R., Heikkilä, A., Johnsen, B., Koskela, T., Lakkala, K., Svendby, T., Dahlback, A., Bruhwiler, L., Laurila, T., Worthy, D., Quinn, P.K., Stohl, A., Baklanov, A., Flanner, M.G., Herber, A., Kupiainen, K., Law, K.S., Schmale, J., Sharma, S., Vestreng, V., Von Salzen, K., Perovich, D., Gerland, S., Hendricks, S., Meier, W., Nicolaus, M., Tschudi, M., Timmermans, M.-L., Ashik, I., Frolov, I., Ha, H.K., Ingvaldsen, R., Kikuchi, T., Kim, T.W., Krishfield, R., Loeng, H., Nishino, S., Pickart, R., Polyakov, I., Rabe, B., Schauer, U., Schlosser, P., Smethie, W.M., Sokolov, V., Steele, M., Toole, J., Williams, W., Woodgate, R., Zimmerman, S., Cross, J.N., Evans, W., Anderson, L., Yamamoto-Kawai, M., Derksen, C., Brown, R., Luojus, K., Sharp, M., Wolken, G., Geai, M.-L., Burgess, D., Arendt, A., Wouters, B., Kohler, J., Andreassen, L.M., Tedesco, M., Box, J.E., Cappelen, J., Fettweis, X., Jensen, T.S., Mote, T., Rennermalm, A.K., Smith, L.C., van de Wal, R.S.W., Wahr, J., Duguay, C.R., Brown, L.C., Kang, K.-K., Kheyrollah Pour, H., Streletskiy, D.A., Drozdov, D.S., Malkova, G.V., Oberman, N.G., Kholodov, A.L., Marchenko, S.S., Fogt, R.L., Scambos, T.A., Clem, K.R., Barreira, S., Colwell, S., Keller, L.M., Lazzara, M.A., Setzer, A., Bromwich, D.H., Wang, S.-H., Wang, L., Liu, H., Wang, S., Shu, S., Massom, R.A., Reid, P., Stammerjohn, S., Lieser, J., Newman, P.A., Kramarova, N., Nash, E.R., Pitts, M.C., Johnson, B., Santee, M.L., Braathen, G.O., Campbell, G.G., Pope, A., Haran, T., Sánchez-Lugo, A., Renwick, J.A., Thiaw, W.M., Weaver, S.J., Vincent, L.A., Phillips, D., Whitewood, R., Crouch, J., Heim, R.R., Fenimore, C., Augustine, J., Pascual, R., Albanil, A., Vazquez, J.L., Lobato, R., Amador, J.A., Alfaro, E.J., Hidalgo, H.G., Durán-Quesada, A.M., Calderón, B., Rivera, I.L., Vega, C., Stephenson, T.S., Taylor, M.A., Trotman, A.R., Porter, A.O., Gonzalez, I.T., Spence, J.M., McLean, N., Campbell, J.D., Brown, G., Butler, M., Blenman, R.C., Aaron-Morrison, A.P., Marcellin-Honore’, V., Martínez, R., Arévalo, J., Carrasco, G., Euscátegui, C., Bazo, J., Nieto, J.J., Zambrano, E., Marengo, J.A., Alves, L.M., Espinoza, J.C., Ronchail, J., Bidegain, M., Stella, J.L., Penalba, O.C., Kabidi, K., Sayouri, A., Ebrahim, A., James, I.A., Dekaa, F.S., Sima, F., Coulibaly, K.A., Gitau, W., Chang’a, L., Oludhe, C.S., Ogallo, L.A., Atheru, Z., Ambenje, P., Kijazi, A., Ng’ongolo, H., Luhunga, P., Levira, P., Kruger, A., McBride, C., Rakotomavo, Z., Jumaux, G., Trachte, K., Bissolli, P., Obregón, A., Nitsche, H., Parker, D., Kennedy, J.J., Kendon, M., Trigo, R., Barriopedro, D., Ramos, A., Sensoy, S., Hovhannisyan, D., Bulygina, O.N., Khoshkam, M., Korshunova, N.N., Oyunjargal, L., Park, E.-H., Rahimzadeh, F., Rajeevan, M., Razuvaev, V.N., Revadekar, J.V., Srivastava, A.K., Yamada, R., Zhang, P., Tanaka, S., Yoshimatsu, K., Ohno, H., Ganter, C., Macara, G.R., McGree, S., Tobin, S.",9.116,https://www.scopus.com/inward/record.uri?eid=2-s2.0-84910080574&doi=10.1175%2f2014BAMSStateoftheClimate.1&partnerID=40&md5=616bb425324b4ca206a31dfe2282c214
,Impact of Pacific and Atlantic sea surface temperatures on interannual and decadal variations of GRACE land water storage in tropical South America,Journal of Geophysical Research Atmospheres,2013,"De Linage, C., Kim, H., Famiglietti, J.S., Yu, J.-Y.",5.217,https://www.scopus.com/inward/record.uri?eid=2-s2.0-84887146450&doi=10.1002%2fjgrd.50820&partnerID=40&md5=a98ec46c80f89a48b98bc3d7418cecd7
,Difference in the Priestley-Taylor coefficients at two different heights of a tall micrometeorological tower,Agricultural and Forest Meteorology,2013,"Cho, J., Kim, W., Miyazaki, S., Komori, D., Kim, H., Han, K.-S., Kanae, S., Oki, T.",6.424,https://www.scopus.com/inward/record.uri?eid=2-s2.0-84879542032&doi=10.1016%2fj.agrformet.2013.05.007&partnerID=40&md5=aabb8e0fcd08bdcfa105ed537b327dc3
,Global flood risk under climate change,Nature Climate Change,2013,"Hirabayashi, Y., Mahendran, R., Koirala, S., Konoshima, L., Yamazaki, D., Watanabe, S., Kim, H., Kanae, S.",28.862,https://www.scopus.com/inward/record.uri?eid=2-s2.0-84883343408&doi=10.1038%2fnclimate1911&partnerID=40&md5=f84d6ac541a8a27db6667f74f7033440
,Analysis of the water level dynamics simulated by a global river model: A case study in the Amazon River,Water Resources Research,2012,"Yamazaki, D., Lee, H., Alsdorf, D.E., Dutra, E., Kim, H., Kanae, S., Oki, T.",6.159,https://www.scopus.com/inward/record.uri?eid=2-s2.0-84866233541&doi=10.1029%2f2012WR011869&partnerID=40&md5=2f9f7aa0659a60693d0b51a023a6f819
,Incorporating anthropogenic water regulation modules into a land surface model,Journal of Hydrometeorology,2012,"Pokhrel, Y., Hanasaki, N., Koirala, S., Cho, J., Yeh, P.J.F., Kim, H., Kanae, S., Oki, T.",4.871,https://www.scopus.com/inward/record.uri?eid=2-s2.0-84863338049&doi=10.1175%2fJHM-D-11-013.1&partnerID=40&md5=cce7f8278f7ead09c948e46a80e5bcf8
,Validation of gravity recovery and climate experiment data for assessment of terrestrial water storage variations,Multiscale Hydrologic Remote Sensing: Perspectives and Applications,2012,"Yeh, P.J.-F., Tang, Q., Kim, H.",,https://www.scopus.com/inward/record.uri?eid=2-s2.0-85055391420&doi=10.1201%2fb11279&partnerID=40&md5=d45fa2ac47c8896114c526b94dd74786
,Toward global-scale data assimilation using SWOT: Requirements for global hydrodynamics models,International Geoscience and Remote Sensing Symposium (IGARSS),2011,"Yamazaki, D., Alsdorf, D., Kim, H., Kanae, S., Oki, T., Andreadis, K.",0.5,https://www.scopus.com/inward/record.uri?eid=2-s2.0-80955139466&doi=10.1109%2fIGARSS.2011.6049855&partnerID=40&md5=35a2385f1b75791b569b74b7f886c5c9
,A physically based description of floodplain inundation dynamics in a global river routing model,Water Resources Research,2011,"Yamazaki, D., Kanae, S., Kim, H., Oki, T.",6.159,https://www.scopus.com/inward/record.uri?eid=2-s2.0-79953724402&doi=10.1029%2f2010WR009726&partnerID=40&md5=ce77bde9351ed9c35665f088bc4af1e9
,Estimating monthly total nitrogen concentration in streams by using artificial neural network,Journal of Environmental Management,2011,"He, B., Oki, T., Sun, F., Komori, D., Kanae, S., Wang, Y., Kim, H., Yamazaki, D.",8.91,https://www.scopus.com/inward/record.uri?eid=2-s2.0-77957769268&doi=10.1016%2fj.jenvman.2010.09.014&partnerID=40&md5=1dc5fe5b2e8f698aa35e903302bf52d5
,Movement of Amazon surface water from time-variable satellite gravity measurements and implications for water cycle parameters in land surface models,"Geochemistry, Geophysics, Geosystems",2010,"Han, S.-C., Yeo, I.-Y., Alsdorf, D., Bates, P., Boy, J.-P., Kim, H., Oki, T., Rodell, M.",4.48,https://www.scopus.com/inward/record.uri?eid=2-s2.0-77957593129&doi=10.1029%2f2010GC003214&partnerID=40&md5=e7f1cb5746893067ec9e9ffb10a8d148
,A study on the relationship between Atlantic sea surface temperature and Amazonian greenness,Ecological Informatics,2010,"Cho, J., Yeh, P.J.-F., Lee, Y.-W., Kim, H., Oki, T., Kanae, S., Kim, W., Otsuki, K.",4.498,https://www.scopus.com/inward/record.uri?eid=2-s2.0-77956819071&doi=10.1016%2fj.ecoinf.2010.05.005&partnerID=40&md5=ed28d40b0e422ecaacdaf7024b0808dd
,Role of rivers in the seasonal variations of terrestrial water storage over global basins,Geophysical Research Letters,2009,"Kim, H., Yeh, P.J.-F., Oki, T., Kanae, S.",5.576,https://www.scopus.com/inward/record.uri?eid=2-s2.0-71949105696&doi=10.1029%2f2009GL039006&partnerID=40&md5=19a9041de88ae14fd771d075d319acd4
,Dynamics of surface water storage in the Amazon inferred from measurements of inter-satellite distance change,Geophysical Research Letters,2009,"Han, S.-C., Kim, H., Yeo, I.-Y., Yeh, P., Oki, T., Seo, K.-W., Alsdorf, D., Luthcke, S.B.",5.576,https://www.scopus.com/inward/record.uri?eid=2-s2.0-68249144390&doi=10.1029%2f2009GL037910&partnerID=40&md5=1080724d2e36f30a1bd8fe7a93c37f33